irz,r_wo_FGmarg,r_w_FGmarg
1.0,-8.613575374390975e-5,0.002345876591765612
2.0,0.0006023389474225444,-0.0033330384812551685
3.0,0.001389799937359473,0.0018357991441445938
4.0,-0.0003439652884631347,-0.006070955335475561
5.0,-0.00023361916714694102,-0.006189613483462623
6.0,0.0009653807125416391,-0.00048704433574669505
7.0,-0.0008419835239991462,-0.0006632181248703884
8.0,-0.0024652220657242173,-0.009392882574401117
9.0,0.0017497042526830188,-0.0005405069122357589
10.0,-0.0002695304429166876,0.0012402130351507003
11.0,-0.0005662937738663023,-0.00865014234822851
12.0,0.0011225749544334818,0.003069317345398865
13.0,6.836874273055004e-5,0.0007664950303100272
14.0,0.00022874562869491113,-0.00132669435419732
15.0,0.0004185758157090215,-0.007140445861786833
16.0,-0.0013105765968616419,0.0010263138370708445
17.0,-0.0018707057087182996,-0.002860281522201925
18.0,0.00030715382963791827,-0.002905626950755139
19.0,0.00029675654511582717,-0.003052672133176188
20.0,0.0016765354034724855,0.000324791717680974
21.0,-0.0024069234483766466,-0.0036856136525447642
22.0,0.0020406342514677324,0.00284907647452384
23.0,-0.0005479794483902374,-0.0023325259735596277
24.0,0.0009035350195146181,0.0033539698290028564
25.0,0.0011952329391956545,-0.00010167432105362877
26.0,-0.0005576917244822286,-0.004476156313340328
27.0,0.004189363137661695,0.002987308834047407
28.0,0.002114419981965971,-0.004655551878262632
29.0,1.570013365656573e-5,3.223721082448475e-5
30.0,-0.0014666522984611821,-0.0016734191654071118
31.0,2.8618056216598724e-5,0.00023498803547249418
32.0,0.00029861134401063633,-0.0031432623350824617
33.0,3.449664035566175e-5,-0.002747264371927419
34.0,0.000916004022928468,-0.0011208750537806413
35.0,0.0016650167496812124,-0.002421654330226463
36.0,0.001392996643675539,-0.0018912451759574025
37.0,0.004098854299907424,0.0039341533748574065
38.0,-0.0016957682666038784,-0.0009201948977303126
39.0,0.0010347240980796706,-0.0008360333236940136
40.0,-0.0010661840788193657,-0.007161362890971856
41.0,0.0007360464361204188,-0.0016370744149426851
42.0,-0.00025303678638582093,-0.0012473145181195163
43.0,0.0007158026159340023,-0.0013492122482264438
44.0,0.0012244378015022533,0.002766944750012565
45.0,-0.001339852227378958,-0.004439937942132796
46.0,0.00046712732524527447,-0.0017642969326712814
47.0,0.001957384676766425,-0.0013254628827283075
48.0,0.0025741260376882205,0.00047812251911476104
49.0,0.001417821260035058,0.00045033693334600944
50.0,0.0013254003853793953,0.0020741037578202596
51.0,0.0006712164946013027,-0.004283878745374271
52.0,0.002398264463801571,0.0038438337422907454
53.0,0.0007351673506576785,-0.005525169109100741
54.0,-0.0014676840339574978,0.0012021082851510728
55.0,-0.0002930453368411556,-0.005891980790048186
56.0,-0.0009613643985865062,0.00251501439651704
57.0,0.0020081966321398976,-0.0013461728325869394
58.0,0.0015379881429540174,-5.421100029637745e-5
59.0,0.0022640862613283255,0.0005107126996775858
60.0,0.0042046770074489915,0.0025287317580762456
61.0,0.00041856228631309946,-0.002200663875094156
62.0,-0.00033514062460506075,0.0003251412078204454
63.0,0.0026971746091218056,0.0009785435098798505
64.0,0.003501349518473938,0.0028228918963598484
65.0,-0.0002399955703790784,-0.0016667044009420597
66.0,0.000887159622811809,-0.0006767057174184143
67.0,-0.0014265520970916743,-0.0015862367958374827
68.0,-0.0011215238918321144,-0.0026000224194511383
69.0,-0.00040662343859698696,-0.0016360459206326138
70.0,0.003335479133457516,-0.0002162732169092591
71.0,0.00023192257761508884,0.0028264535195579497
72.0,-3.9219683559804576e-5,-0.0017545150053820894
73.0,-0.00018015166054158953,-0.0018431759729406552
74.0,0.002287989895350007,0.0031331419066489823
75.0,0.00013764224968423867,0.00025478306679852354
76.0,0.002486084164356547,0.003720217916837942
77.0,0.0033822779406942477,-0.002557600193835743
78.0,-0.0008388116218343897,-0.007543820673558198
79.0,0.0022983852595033073,-0.004292529283640631
80.0,-0.0008281023452101521,-0.006169041745601772
81.0,0.00186157315310891,0.004022188576912899
82.0,0.0004366477433681171,-0.004501139045419908
83.0,-0.0015121186925861523,0.00037618440390755454
84.0,0.0017312417906749668,-0.0003424511520010391
85.0,0.0017338042720575727,0.00016226080437605945
86.0,-0.001094766749681234,-0.0029871983141149415
87.0,-0.0014941436199904228,0.001301443644284978
88.0,-8.485775231658016e-5,0.0010980322578311766
89.0,0.00034898361490274144,3.1246332084285396e-5
90.0,0.0017437749877564845,0.0010231705990331984
91.0,0.0035423881661465536,0.0008790259132420743
92.0,0.0007691327060661733,5.0812710085480284e-5
93.0,1.0595205706221962e-5,-0.0022033221814478487
94.0,0.001549291722351943,0.003503480844210005
95.0,-0.002268123881131079,-0.0023244713778541636
96.0,0.001579646993606071,-0.0008514651804228685
97.0,0.0029182587475308575,0.0032523294227656805
98.0,0.00218818681144274,0.0016145600507360418
99.0,0.0036674240281723974,-0.001751478948022939
100.0,0.0002776210409213418,-0.00369034607919025
101.0,0.003107701445673139,-0.0009187009731612094
102.0,-0.001632695758707537,-0.007272822373732155
103.0,0.0022944411641849585,0.000441233464117644
104.0,0.00027424750535337615,0.00021580945223012346
105.0,-0.0014090503590459171,-0.003427591191601451
106.0,0.0002841140003326227,-0.0009948909868990633
107.0,-5.95763240647887e-5,-0.0037329316656197022
108.0,-0.00020388738781677162,-0.0010082795057857392
109.0,-0.001378875340796676,-0.0046667387159491985
110.0,0.00030162151943039493,-0.003754394669868063
111.0,0.0025593827274648343,0.007036802645085487
112.0,0.0016379210384925597,0.0013677300446281692
113.0,-0.0005331918780778388,0.00179595680026573
114.0,0.0008901842506430698,-0.0021075387346787223
115.0,-6.696022863264428e-5,0.0028985962771605187
116.0,0.001003640704627559,0.0025663130818093806
117.0,0.002060807702940717,-0.00041219500376092936
118.0,-0.0007477905323472709,-0.003992464792835324
119.0,0.000953981876027012,0.0032090476152899115
120.0,0.0006476825786973689,-0.005699415395602132
121.0,0.0012386945840626635,-0.0029445761510934884
122.0,0.0006675644807677305,-0.0016592946511106374
123.0,0.0008643328096713573,-0.0016786627334440109
124.0,0.0015660577499301321,0.0036869181161007358
125.0,-0.0018938458588768474,0.000625554509139844
126.0,-0.00029806565488937073,-0.0035520734110757062
127.0,0.0014373874830415191,-0.004540017956686619
128.0,0.0028284789205432386,0.0008320163261544351
129.0,0.0009849219355570198,-0.0011783183788240275
130.0,-0.0018406455811463265,-0.0013663516196292494
131.0,0.0019267677808658397,-0.0007170007032489512
132.0,-0.0025623551404437336,-0.003929615171774117
133.0,0.001495880592243238,-0.0024112065944143796
134.0,0.0014355403027894354,-0.0015031917142340038
135.0,0.004995448398177788,0.003303299381121427
136.0,-0.0012400920070530475,-0.0005177891123013067
137.0,0.002018716354404481,-0.0024992839798672825
138.0,0.000539684686752386,-0.0038948352924823796
139.0,-0.0009875843692323148,-0.0017913478855975066
140.0,0.00046427088241718855,3.439384322210228e-5
141.0,0.001966034704651822,-0.0016103294853560108
142.0,-3.116093456212087e-5,-0.0016723736216887179
143.0,0.000566067271326356,-0.0015889050605592998
144.0,0.0016146116298474816,0.00021395979623410762
145.0,-0.00041114672005662894,-0.004490899108425042
146.0,0.002249491482341554,-0.0028473077299919903
147.0,0.0010297789060441116,-0.002032074699226444
148.0,-0.0007894685992054952,-0.0012848381885714889
149.0,-0.0005123570306196897,-0.0038453890639801934
150.0,0.0016986967667560375,0.004180627829843482
151.0,-0.000458758480312745,-0.001405544058059042
152.0,0.001227063418171467,0.0014853233918146191
153.0,-0.0004008499578651456,-0.0014605929448683614
154.0,-0.0014932453350618355,-0.003914771458302603
155.0,0.0022371402233386647,0.0006360080993265027
156.0,0.0020280110495588563,0.0028668563988410952
157.0,3.505528459482975e-5,-0.0020205008993734656
158.0,0.0014206227070306407,-0.0013735047743346804
159.0,-0.00025032956294953636,-0.002303951955296698
160.0,0.0027677691026629352,0.00730018687700116
161.0,-0.0006016540862104417,-0.005814540588770849
162.0,-0.0017191589510768325,-0.001965926209529355
163.0,0.00370179966806309,-0.0002005013097154423
164.0,-0.0009393818054580728,-0.001962262587886189
165.0,-0.0012188371185618489,-0.0019412417418687151
166.0,-0.0007594254044030036,-0.0027796112217645975
167.0,-0.0018144855084932506,-0.0016679772093287318
168.0,0.0032507926653703076,0.0002279363966920407
169.0,0.001730224659023816,0.0014506599062065677
170.0,0.0007540953736861564,0.00030471937741963104
171.0,-0.0014495533101191874,3.897877832854783e-5
172.0,0.0011765887827180467,-0.0013174019944794217
173.0,0.0010397319985449842,0.0008397679802483637
174.0,0.005344776092821382,0.002873595075428742
175.0,0.000462382029625951,-0.0041895862558923285
176.0,0.0005705843026806938,-0.003908213907321295
177.0,0.0003878398612434389,-0.0020934600337710863
178.0,3.880270638414761e-5,-0.0015092547081956066
179.0,0.00275202101350745,0.0028617749535250554
180.0,0.000349281397934823,-0.0005732155394869646
181.0,0.0003404760112115263,-0.0036797687182960393
182.0,0.004631917138213377,0.008774984869953463
183.0,-0.0016834575092106367,-0.002418789234953066
184.0,-0.000521625484803676,-0.0032775198233613704
185.0,0.001342224733709777,-0.0005168515703227714
186.0,0.002204693958263061,0.002069078600654151
187.0,0.0026500201887238455,-0.0020283174111147793
188.0,0.0024474265352528958,0.003295552444018755
189.0,-0.0009001644679898881,-0.0019534910802767214
190.0,0.0025718658623219625,0.0015409139274910606
191.0,0.002494074733887621,0.0009133361402875837
192.0,-0.004169373323776499,-0.007960206627171382
193.0,0.00035556726326530056,-0.0020604249148312524
194.0,0.001658717898992591,-0.00040765997645045635
195.0,0.0009162252652709826,0.0004861312095450255
196.0,0.0013897170790173278,-0.0019094978761929906
197.0,0.00036801028494510863,-0.00011363399072093663
198.0,-0.0014343393658885735,-0.005354133909227469
199.0,6.584019610472937e-5,0.0011750846395936873
200.0,0.0010376342078794792,-0.00019309139563601166
201.0,0.0016311416326338015,-0.0020157387866763053
202.0,-0.0008617550793878809,-0.005618977338643306
203.0,0.0016546829630250223,0.0017823797991772773
204.0,0.0014331940453119931,-0.0023231975145708815
205.0,0.0027864027378177087,0.0009310260956188497
206.0,0.0017721537512954844,0.0005737326444628406
207.0,0.0026052061350462404,0.0009906674647095382
208.0,0.0009177418617372799,-0.004654681423903061
209.0,0.0031180268889017195,0.001825953284794956
210.0,-0.00044640660296652203,-0.003530851236902578
211.0,0.0008703845369044704,-0.000689517199594576
212.0,0.0008560235179886922,0.002205569534236693
213.0,-0.0007968310402512925,-0.001385981010281408
214.0,0.000670731608830934,-0.0034848469798954853
215.0,0.0002025143052388796,-0.0031468060957446187
216.0,0.0015634828288160815,0.0021033466066549453
217.0,0.0009220583023369531,-0.002723765683354643
218.0,-0.0014372759523770399,-0.004091136514295027
219.0,0.004047884195620727,0.001920833488976959
220.0,-0.0005943077470526667,0.0015905639274208213
221.0,0.0003455128676400103,0.0005965201027353827
222.0,-0.002919025538674006,-0.004086812443682214
223.0,0.0014726202585576503,-0.0002774273867690523
224.0,0.0022067588038833063,-0.0017942065198090758
225.0,-0.0010022048139236668,-0.007385907721875754
226.0,0.0010054395071443327,0.00014614951103698615
227.0,-0.0002651550946684796,-0.0032818509410404303
228.0,0.0015975862499030104,0.0025594805152091772
229.0,-0.0010124881842993822,-0.00027816965104618304
230.0,0.0025520174709493353,0.0018286974059841673
231.0,0.0017229261159981892,0.002264171415141214
232.0,0.001793547194728568,-0.0009323081006952
233.0,-6.154487811604868e-5,-0.0014754380866877311
234.0,0.0007589698631312776,-0.003284808357183922
235.0,-0.002888834471954126,-0.005450855681518283
236.0,0.00032218806550413456,-0.0003663272382655449
237.0,0.0019500488792057126,0.0013587822312123934
238.0,-0.002032830066988324,-0.002881597370012471
239.0,9.379929479831274e-5,0.0009560369559613158
240.0,4.81812117041199e-5,-0.007153281427321124
241.0,0.00042812294962089745,-0.0020813540156811015
242.0,-0.0019527348870873116,-0.0062748504261750365
243.0,-0.00020521092081484852,-0.006454214080823387
244.0,-0.000601914067145163,-0.0049316480670713765
245.0,-0.0008079646804691564,0.0016309530442575964
246.0,0.0004307212421030406,-0.005346636878372741
247.0,-0.000972591694819129,-0.0040422764519576545
248.0,0.002028579853721721,-0.0023467573325967614
249.0,0.0017515468074266807,-0.000982178550442404
250.0,0.0018383392393084607,0.003485076326203904
251.0,-5.369308897009674e-6,-0.0021273326872610046
252.0,-0.00012688471492480958,-0.0041117796667667775
253.0,0.0015502723502213657,-0.0012904021965517022
254.0,0.0008860706948130649,-0.0017597252534951567
255.0,0.0023643415199771,-0.003261661320837915
256.0,-0.0019248951008402236,-0.004187064163017299
257.0,0.00297777904355428,0.004544709922738113
258.0,0.003741582968932215,0.00043130653065740236
259.0,0.0025310407024356396,0.00031317088212819724
260.0,-0.00047287778285487047,-0.0034322456771647704
261.0,-0.0016584599101935554,-0.006992301645042332
262.0,0.00022197289235423716,-0.0034075205428443283
263.0,0.0031078702275407263,0.0028822637170476608
264.0,-0.0018078596645713977,-0.00511293344584311
265.0,0.0009655956255216026,0.0016518509798400943
266.0,0.006047149718166769,0.006568647074015126
267.0,0.0017687251112443784,0.0021276239971859926
268.0,0.002034390795537336,-0.00043809590881953135
269.0,-0.000876621454723266,-0.0026709982239133973
270.0,0.002421826528779127,0.000987993900247884
271.0,0.00027839504887574066,0.0015244334676212186
272.0,0.003777619748052155,0.0010282687681836661
273.0,0.0020454916467422756,-0.003703968649393048
274.0,0.0016671550115942438,-0.002582290285931473
275.0,0.0017528454571256885,-0.0050769889559109105
276.0,0.0009010582342557837,0.001449683786633374
277.0,0.003195539673592691,0.0047343254426379005
278.0,0.0013866216486692984,-0.0024299861316681368
279.0,0.001394508952049524,0.000266413144635063
280.0,-0.00042048976073954576,-0.0017964475291129451
281.0,0.002324829221313938,0.002566233135162802
282.0,0.002813408738102374,0.0038040884879406147
283.0,-0.0025719991604431745,-0.002977023438627642
284.0,0.0020856985300569245,0.0009758177256740738
285.0,0.004304954195539236,0.001983143770624761
286.0,0.00029797543614189156,0.0023168596798856956
287.0,0.00022583768440344546,7.157830920332345e-5
288.0,0.0017860931664748579,-0.0030259026512905593
289.0,-0.0007160568087735386,-0.005366979680895744
290.0,0.0016644970610910578,0.00196770864385469
291.0,0.0014076701917956989,-0.0019790648334226547
292.0,-0.0017925140172156408,0.0009923046575645482
293.0,0.002050484780304555,0.005907185431235281
294.0,-0.0032415818796120957,-0.007661082856210839
295.0,0.0029389031534769352,-9.360242709321377e-5
296.0,0.0011301727865206798,0.0006370883895420147
297.0,0.0014976411196737942,-0.005306264704325233
298.0,0.0019377477716634008,-0.00029921004393486053
299.0,0.0025303405299080713,0.004328764125540546
300.0,-0.0028088738314887302,-0.0066616341390264245
301.0,0.0012714268150016297,0.0028469122846590746
302.0,-0.0011324277675219324,-0.003926772199404446
303.0,0.0014921757576874413,-0.00256981740835874
304.0,-0.0016551786529111951,-0.0009010647881989248
305.0,0.001602127036020492,-0.000805771656247964
306.0,0.00022942783916013164,0.0005522358336010137
307.0,0.002617128332333173,0.0022551474114487356
308.0,0.0018213822777380954,0.0019029672415716843
309.0,0.001347337888041896,-0.002401792039919683
310.0,0.0010168754125137248,-0.00323421362378586
311.0,-0.0015901076527818257,-0.0016396053861930152
312.0,0.0031577269963685957,-0.0017632520209247807
313.0,0.002829429291607585,0.004787664907603569
314.0,0.0007867525551488472,-0.0006537652875468178
315.0,-0.00036526992578639973,-0.00047558308602949285
316.0,0.002342809556603285,0.0006055438467634671
317.0,-0.002571744687078009,-0.004255127121870946
318.0,0.0009007192487561018,-0.002026556746020153
319.0,-0.0009348780990423472,-0.009082676046814932
320.0,0.0012098894591861082,-0.0023073064951728527
321.0,0.0002561931971510112,-0.003021210418918513
322.0,0.002456266414225849,-0.0007197161689759753
323.0,0.0009207718483307832,-0.0006667486615666955
324.0,0.00019683897986350277,-0.001975519444015561
325.0,0.0012390189339282574,-0.0005982687309548848
326.0,-0.002409616202913577,-0.005778384783961766
327.0,0.0011522027596923485,0.0016907753281992285
328.0,-0.001440721773564095,-0.006204174540024033
329.0,3.3047977802477195e-5,-0.00033419168732235784
330.0,0.0002234612391645504,-0.0019870472541385726
331.0,-0.0006517110774414694,-0.003161539689452251
332.0,0.001402611770667997,0.002839001432331868
333.0,0.00032883227171343754,0.0016127906573905357
334.0,0.0013397664426820443,-0.003812324537485721
335.0,-0.00041306993462567694,-0.00468865878593169
336.0,0.0007214729995461632,0.005652446187265852
337.0,0.0022448908578139295,-0.0027005975415464963
338.0,0.0005156778656549278,-0.0023991946208544164
339.0,-0.0015513764603052088,-0.0034478536338601205
340.0,-0.0001698020501804034,-0.000776882642864471
341.0,0.0011967098499375587,0.001558777120233538
342.0,0.002941433837155298,-0.004061921091420161
343.0,-0.003448650990760144,-0.004768883211768475
344.0,-0.0004267610547051992,-0.0031688670823069296
345.0,0.0031153174485964393,0.0023922747493863345
346.0,-0.0004240101162459728,-0.0026489078024479326
347.0,0.0009451348609646874,-0.00017072244153115994
348.0,0.0022600729014394297,0.0011991622583708765
349.0,0.0015597562448321101,-0.002569234307312851
350.0,-0.0013467264390334102,-0.0007923716443549678
351.0,-0.000488308369081461,-0.0011571458035405044
352.0,0.0014966276161113036,-0.0008109038276884401
353.0,2.4999702409013527e-5,-0.005543263522823819
354.0,0.0005295899331659599,-0.0003408153436138188
355.0,0.003197884734786475,-0.0004321540369657039
356.0,0.0019725985983583168,0.0004245076571582341
357.0,0.0007022756047997907,-0.00036774399683067976
358.0,-0.001639097678444019,-0.0053913547442881425
359.0,0.0018938669125581605,0.008467859909929557
360.0,0.0025247616555783502,-4.273124102757097e-6
361.0,0.0002869893378853653,-0.0024734599611369434
362.0,-0.0003474798025650397,-0.007286258274217333
363.0,-0.0006914320707408637,-0.004743720835958398
364.0,8.306143155206255e-5,-0.0033456215557554824
365.0,0.0005466394819102628,-0.001112104138520298
366.0,-0.00013072758473649568,-0.0029896945739314447
367.0,0.0016305972402296893,0.0015568954488669236
368.0,-0.0018854676578533105,-0.0014535586040881727
369.0,0.0028534732683753723,-0.00041527287337549557
370.0,0.00034111947570777094,-0.003653931977559427
371.0,0.0011813278505359856,-0.0015555459879009691
372.0,-0.0009034878438295996,0.00041304418414947334
373.0,0.001636875443570791,0.0027464875657238815
374.0,0.0006550289516388547,-0.001070991621475883
375.0,0.0017199966252522967,-0.002530212070916171
376.0,0.0004834331867252939,0.0014612882210762175
377.0,-0.0009454230512221695,-0.004077360901419695
378.0,0.0007542715832107713,-0.002915469077832704
379.0,-0.0018694589041442738,-0.007049197513555958
380.0,-0.00018713744313622523,-0.0023384572395039444
381.0,0.0004332428801016988,-0.00020698012690634971
382.0,0.0014718645436915209,-0.0014295634621211192
383.0,-0.0016491203098580568,-0.0002535507684877373
384.0,-0.0012894589224772995,-0.003145341600922236
385.0,-0.0005389727921532534,0.0033247859970637126
386.0,0.0014796766625967033,-0.00012160078499649657
387.0,-0.001061953042371883,-0.0029609711442879156
388.0,0.0008053948610860259,0.002661610226079273
389.0,-0.00015656590145314697,-0.0036761430838686895
390.0,0.003356533123842741,0.0034228621945215716
391.0,-0.0004933583905704982,-0.002534119384275027
392.0,0.0009508788997404106,-0.0048151353734654226
393.0,0.0014444697760331872,0.004801202082197975
394.0,0.00036734358835890615,-0.005872165326686384
395.0,0.0007970396054473214,0.0015762601386906767
396.0,-0.0028387985136838333,-0.0013942006002668286
397.0,0.0016470488633681525,-0.000220746194659423
398.0,0.0005731112821252625,-0.00010867908662083195
399.0,0.002782026968686642,-0.00458810326510709
400.0,-0.001079028654649122,0.0023646051780832843
401.0,0.0001605235951293846,-0.004819338583763486
402.0,0.0014410557389984515,0.0011140770394823063
403.0,-0.0010930487732728651,-0.005376415100141081
404.0,0.0030956203699901135,0.003916420241676726
405.0,0.0012987239449331327,0.0010536005296262311
406.0,-0.00022884215240309797,-0.005717229873718029
407.0,0.0007978068063489432,0.001617168345602866
408.0,-0.0013382207659761926,-0.00043859552358334184
409.0,0.0033021264338757767,0.003270261990462666
410.0,0.00019357094339670245,3.46415378610135e-5
411.0,-0.0009853813879818524,-0.002387521674657683
412.0,-0.0016992499367252277,-0.004078989612621335
413.0,-0.0005537286439675443,-0.0012226076282534904
414.0,0.0007373652584439923,-0.001031485260836292
415.0,0.0013132564753115688,-0.00102569886483879
416.0,0.0019123144492859277,0.0037167961837245387
417.0,-0.00105928975079889,-0.0035383010374488346
418.0,-0.0004061635780400979,-0.002995918817817004
419.0,0.003937300834017288,0.0010089495051339853
420.0,0.000705712764054098,-0.006061853437162999
421.0,-0.0006359135025868592,0.0008256036795603036
422.0,-6.987104032052866e-5,-0.0007303864043513527
423.0,0.0018234324784125405,-0.00023353930754208956
424.0,0.0020796994629475925,0.0010889468073817749
425.0,0.003424223720581266,0.0033905162365782983
426.0,0.0006611032177673754,-0.003821001461078597
427.0,0.0035299538240303905,0.0026227249512656243
428.0,-0.001171808358516568,-0.00047633855149920213
429.0,0.002205393114660771,-8.942546658287251e-5
430.0,0.0011603466070503358,0.001574395700271918
431.0,0.0020183241082670214,0.0032422422251801404
432.0,0.005738228325718242,0.001825789894460883
433.0,-0.0011398842310487343,-0.005721546049242254
434.0,0.0017070346102829132,0.0003787152778332916
435.0,0.0023355428169413222,0.004412319530052963
436.0,0.004365008840097155,0.0028017321261249576
437.0,0.0010274905374198103,-0.0019767465177605702
438.0,0.0014964635762499357,0.00028095037577010354
439.0,0.00026539024275898013,-0.0027039817155706503
440.0,0.0005311847446396095,-0.0022368871597065534
441.0,0.00345020664566306,0.00433655124608923
442.0,0.0006232953860703378,-0.004532219424444874
443.0,-0.0010577004764946493,-0.0029390773580984094
444.0,0.0021635371685699762,-0.0010579861762550732
445.0,0.0011355873174680542,0.0008024256862802082
446.0,0.002733494583218086,0.00157240329867516
447.0,-0.0024500512215725975,-0.0021562168489970973
448.0,0.0015697566338425696,-0.00012895173490889836
449.0,0.002880529907007182,-0.0007817525819053722
450.0,0.0008882960524040719,-0.0012788262238218515
451.0,0.002368488636892775,-9.469433269084486e-5
452.0,-0.0021694558690772744,-0.001149761489488496
453.0,0.001251581934424546,0.0003806118891231594
454.0,0.005544932806036696,0.004271571044870321
455.0,0.0010901299421239915,0.00017033973801336308
456.0,-0.0007248273142567855,0.0010822616234854275
457.0,0.0004219983037484669,0.0003699949201409284
458.0,-0.0015418084235225302,-0.005431436461941551
459.0,-0.0020516231743668055,-0.009166326734101895
460.0,0.002150751433882652,-0.004616452254044183
461.0,0.0014566804400820278,0.0071043711420389205
462.0,0.0015824396042405774,0.003451428268967578
463.0,0.00029247169863570456,0.0012617949610439745
464.0,-7.56251666074152e-5,0.0002772107767787739
465.0,-0.0016098860741671037,-0.003798713975960971
466.0,0.0040169351169147055,0.0011874165150336572
467.0,-0.0005365807492055457,-0.0012452359498884018
468.0,-0.0011103954571987198,-0.008739265531151712
469.0,-0.0004337735368697466,-0.0012207931100705778
470.0,0.0011415538067626803,-0.005717539690131952
471.0,-0.00017257240280691818,-0.00046544530948396134
472.0,0.0019415225122920634,0.004110716792986507
473.0,2.049058622337334e-5,-0.001557736194962356
474.0,0.0018410525084859037,0.002077272223657314
475.0,-0.00023877263168492043,-0.00189939210432995
476.0,0.0010199660577025847,-0.0012365111762246777
477.0,0.0015870978073026585,-0.0026364043874703316
478.0,0.0027751406332538198,0.002403713661600063
479.0,0.001870779055815291,0.005118157756622123
480.0,0.0005976900797254527,0.004502214447765871
481.0,-0.001801685060223004,-0.002667693436150842
482.0,0.0014144232956839241,-0.004361574790441589
483.0,0.0013067367192590594,0.0013685094519960976
484.0,-0.0005785145914575057,0.0007090982095240076
485.0,0.003139003696340396,0.00023363656795044336
486.0,0.0011105982157932834,-0.00035213678627107366
487.0,-0.0014753267234406285,-0.0054521639909348284
488.0,0.0008781688601834897,-0.0006561386595247484
489.0,-0.0012014713396447782,-0.0025134721055392515
490.0,0.0005081303113886555,0.0001042043430913217
491.0,-0.0018042908445243056,-0.0005255968935098553
492.0,0.005329707182205541,0.002853550093547975
493.0,0.0006161064109553043,-0.0010711707517993953
494.0,0.00019605840335226244,0.0020063112457220957
495.0,0.0010488932519685755,0.0027649233211315904
496.0,0.0009047635311219184,-0.00363612855999502
497.0,-0.0014343246834455574,-0.006874238416766467
498.0,0.0006767580255616042,-0.0008842022863581214
499.0,-0.0017441644453876388,-0.00020351902883730734
500.0,0.0015415928568576537,-0.00018098964869961697
501.0,0.0003648145921509208,-0.0018684163505890128
502.0,0.00011347355873576896,-0.005808542700950497
503.0,-0.00043117597950799344,-0.0017148696806919253
504.0,-0.00037084065479948513,-0.0031646087184317296
505.0,0.0013038951230456763,-0.006456215836967664
506.0,0.0035658173651413037,0.00026904683483506696
507.0,-0.0028826526612696795,-0.008323326544920096
508.0,0.0007057039071286444,-0.0038826255508779568
509.0,0.0032578316500270713,0.002686070547051472
510.0,-0.0004268762552314367,-0.0039618952184170535
511.0,0.0016898395375122954,0.000972334834809912
512.0,-0.0004958933952438066,-0.0036872325584088373
513.0,-0.001680948322214177,-0.002622380104375487
514.0,-0.0005006449754579293,0.0005476476375402623
515.0,0.0036253948892048284,0.0019904829633268705
516.0,0.0008514910304159801,0.00015103405993609185
517.0,0.0007028927112766978,-0.0018406716790423092
518.0,0.004374825303376296,0.002582244719890913
519.0,0.0007858405870381092,-0.005109305417156859
520.0,0.0019156079138711556,-0.0018210362390309654
521.0,0.0017091557449432188,0.0008890585008920483
522.0,-0.0009060566571824596,-0.0076491148617657415
523.0,-0.00012988809511565316,0.0012635638219958673
524.0,0.002058633682388958,0.001713118804685463
525.0,0.001500158869665437,0.0031501519102595686
526.0,-4.642453098167779e-5,0.00046549248084442837
527.0,0.0017470285748929781,0.0042247901222714716
528.0,0.002506281345210257,-0.0007372819060408291
529.0,0.0019962611351521634,0.003483380578818458
530.0,0.0009716688245208436,-0.0006919790108879289
531.0,0.001550577081308309,0.0021916809770547814
532.0,0.003921336039432503,-0.0016510153314909777
533.0,-0.0009306005635679137,-0.0064440892381399375
534.0,-0.000459978213079106,-0.0030435384575975568
535.0,0.0032769008529037517,-0.0010791323911405533
536.0,6.920938662881011e-5,-0.0011861813991952588
537.0,0.00041326089078283984,-0.0008873526122564654
538.0,0.0030945114004983574,0.0008911408569312717
539.0,-0.000616195812607535,0.0004306729140167018
540.0,0.002634785417068633,-0.0004602625989616645
541.0,0.0007763141408429734,1.18248567282946e-5
542.0,0.0011294579270814985,-0.0003226681227592704
543.0,0.0020211361432838537,0.00259897122108573
544.0,0.0011473381245946576,-0.004289976265641231
545.0,-0.0018921414228872278,-0.0029444964445107286
546.0,0.0014573933919510538,-0.001707735359563934
547.0,0.00017010007811695012,-0.006006591019179524
548.0,-0.00027388907395744453,-0.0016774014137101326
549.0,0.0002483417562479085,0.0015956484581160807
550.0,0.0016824131365093373,0.0005802719983491955
551.0,0.0005573510555384383,-0.006839097715341555
552.0,2.9249921297133097e-5,-0.0019990381750849967
553.0,0.0007441162044851413,-0.000481568587435923
554.0,0.0006463778810625689,-0.002838888951158952
555.0,-0.0010946350106502362,-0.0021844792993119828
556.0,0.0017293584867655962,-0.004996579192423536
557.0,0.00450251701455899,0.003184448983798778
558.0,0.0025085009660285543,0.0035017430909210466
559.0,0.0005539433317953822,-0.0009761890841511581
560.0,1.4468222745636141e-5,-0.0025712599082825045
561.0,-0.000333817933191782,-0.00984782113034822
562.0,0.00024177838068792734,-0.00240638867229994
563.0,0.0011465033454822766,0.001403598909669234
564.0,0.0029658797817625634,-0.003563802929582342
565.0,-0.002085520481478125,-0.008615647101466667
566.0,0.00023563949884240326,-0.0012750899860978844
567.0,-0.00043865072016444024,0.0010313771273084288
568.0,0.000749913694886707,-0.0017685854178572744
569.0,0.001811206565493046,0.0017241756317566072
570.0,0.001854946268971919,-0.0005724749866507053
571.0,-0.0007596438246010693,-0.004261076394972041
572.0,0.001165551823473099,-0.004830283011151309
573.0,0.003004850725116928,0.002375983791300063
574.0,0.002478308733755636,-0.0008988447375289562
575.0,-0.0014988334622695818,-0.004401920463556858
576.0,0.002511639122263776,-0.004404795098861955
577.0,0.0012407500045503665,-0.002173589338547847
578.0,0.0037808756395141113,0.004535495212606514
579.0,-0.00047261767760398095,-0.0028380862373424587
580.0,0.005090854024059454,-0.0005786168402471705
581.0,0.0017770761706243593,0.003753757590132419
582.0,-0.0019847127021236297,-0.006190731797136957
583.0,-0.0016078117125378386,-0.004654949862287644
584.0,-0.0006982562164377361,-0.0018687271793678675
585.0,0.0002618955007331813,-0.0010283389955843306
586.0,0.0010790028853156662,-0.0004297208508569196
587.0,-0.0010188557244088662,-0.005868479685075786
588.0,0.0008793574046298587,-0.0025568232879443482
589.0,-0.0008184684808433101,-0.005437482522127603
590.0,-0.0002535388627649664,-0.0033028374905717988
591.0,0.000296713540359561,-0.0007113430453493421
592.0,0.001815088776962784,-0.0004597346596654071
593.0,5.035418040401759e-5,0.004199626302180741
594.0,0.0006654901414805062,-0.000850964130147703
595.0,-0.0023686371340298795,-0.0067038333535618805
596.0,-0.0017256941219776722,-0.005337015504320028
597.0,0.002075143940989076,-0.006114988783552697
598.0,-0.0016219396396018222,-0.0020836326625968357
599.0,0.002602059540659474,0.0044418110854499105
600.0,-0.0014092689448782024,-0.0038318491399210496
601.0,-0.0002177922049718722,-0.003202738846454009
602.0,0.0005894195786361259,0.001741508720838396
603.0,0.0011966819153061692,0.00030101567110623836
604.0,0.0018119980080200662,0.003689233964000667
605.0,-0.0009180341415410262,-0.001953180263032946
606.0,0.00012821808230916305,-0.0035460954991654767
607.0,0.0015823262351660626,0.0012751129051598543
608.0,0.002071971900821584,0.002015190421326461
609.0,0.0020342597672736783,0.00017764578527966097
610.0,0.00129249591503482,-0.0010519596139833165
611.0,0.0006184570078608594,-0.0014524224096565167
612.0,0.0020875316101103816,-0.0017528179288132497
613.0,-0.0015071394697967816,-0.006659361425207802
614.0,-0.001066928574905561,-0.009176658961376045
615.0,0.0010321985819963296,0.0011613819542200645
616.0,-0.00036809851450004383,-0.0039458353684644135
617.0,0.0020426038908963645,0.0003277400746550726
618.0,0.002097882894862192,-0.0005639088817674028
619.0,-0.004376727102367301,-0.0055994481114708256
620.0,0.0012142280050187774,-0.0006165146689490721
621.0,0.0019141046248529,0.0033836718695183557
622.0,0.0018448095276971427,0.0009596621227930448
623.0,0.0027462343454954037,0.0025848952604914308
624.0,0.002479467481933143,0.002051130077957188
625.0,0.0026101268508965624,0.0054100846410496325
626.0,0.0008750800276052713,-0.0032760558566591654
627.0,0.001548566646345862,0.0012333617905779313
628.0,0.002509764084879661,-0.003370390972601793
629.0,0.001909865796241296,0.0011644007530162911
630.0,-1.1573550348253522e-5,-0.005841064432195524
631.0,0.000812111959188653,0.003885402003786392
632.0,0.0017836312731663861,0.0017693016592472952
633.0,-0.0025145035115611224,-0.0057849877982115855
634.0,-0.000896600527517582,-0.002585262344797802
635.0,-5.80202322203191e-5,-0.0036101025062810726
636.0,0.005385406758855358,0.004843637718223779
637.0,0.001285995913687857,-0.0013807793770172028
638.0,0.001823168694451994,0.005247204145827125
639.0,0.002262839126000518,-0.000286895181676728
640.0,-0.00010711947238668287,-0.0029794530457326897
641.0,0.001749444540711798,0.0013171075601729643
642.0,-0.0011013210423695579,-0.007582930428002379
643.0,0.0027991518681732344,0.00036718558800547966
644.0,0.0009746931062050323,-9.063547760000561e-5
645.0,-0.0025495583079089006,-0.0021655007735642173
646.0,0.002425787587057997,-0.004773029737099856
647.0,0.00023024428756531957,-0.0015026978907557698
648.0,-0.0005550484558128593,-0.0026765241449828087
649.0,-0.0014361284685029735,-0.0033360613203420515
650.0,-0.0014176152740528682,-0.0029255700299859215
651.0,0.0020507979818874976,0.004767417975395058
652.0,0.0012917085251101205,0.002528292434509938
653.0,0.001753145644126885,-0.002062263955857714
654.0,0.005690528523045992,0.003676980422608263
655.0,-0.00022239722213359902,-0.0016258172979983672
656.0,-0.002105441827187316,-0.00044966235789066294
657.0,-0.00015497483776834439,-0.002558110305002419
658.0,-0.0010892219009808726,-0.0007643134687668341
659.0,0.00048576089107270766,-0.00046438739835344645
660.0,0.0014919774199103517,0.0015536383855844695
661.0,-0.002338614099688975,-0.0027567957131285903
662.0,-0.0016657506702930248,-0.0019744160784151707
663.0,0.002547238009284291,-0.00501122138381156
664.0,0.001212194508441295,-0.0027977615977240293
665.0,0.003093938084938083,0.002453087752936164
666.0,-0.0034604269508943858,-0.0014578227839298777
667.0,0.0030232126526392082,-0.0006146270023952259
668.0,-0.0004816906920503514,-0.0034510237414814428
669.0,-7.692226217671684e-5,-0.003847824620658745
670.0,0.0004672293379819576,-0.0021770176303320087
671.0,0.0023173090294823354,0.0020721127761437167
672.0,0.003553897729250895,0.003748935231769549
673.0,0.0008948082168343416,9.221403462911465e-5
674.0,-0.00010102263035170156,0.001413504566350086
675.0,-0.0008954559108690136,-0.0007811247313929393
676.0,0.0020761368471123153,-0.0013585949636675393
677.0,0.004176172246683225,0.0039110880129702595
678.0,0.00017986453950793194,-0.004430833381831301
679.0,0.003402668655116085,0.006249469575776832
680.0,-0.00019136161511006689,0.0005230953326570383
681.0,0.0019513117009565134,0.0035083596221088965
682.0,-0.000201917287790829,0.0006834333224985978
683.0,-0.0013826674878037102,-0.002215310715017542
684.0,0.002854203249411635,0.0004251332888651146
685.0,0.0032767431425655934,0.00021952697165469022
686.0,0.000745486750791839,-0.003806754315346678
687.0,-0.0005581592707433091,0.0021400977319538973
688.0,-0.0013401827815665167,-0.0015921126374017324
689.0,0.00018780479602106836,-0.003357367312559715
690.0,0.0016703219272203905,0.0033708178867319686
691.0,-0.0001201542175596402,0.00173223267692237
692.0,0.0020294393908953418,-0.0006225167870318992
693.0,0.0004894680139367976,-0.0014274298726913615
694.0,-0.00028865944668865474,-0.003609872015258857
695.0,0.000801588078537117,-0.0008664023469118637
696.0,0.00017924457492112333,-0.0015898842928263087
697.0,-7.367225026058878e-5,-0.0023011715496641916
698.0,-0.0011354855582212462,-0.0024380910053175774
699.0,-0.003627670547981854,-0.004618744546781932
700.0,0.0021763449763631793,0.0006322033552808479
701.0,-0.0007724384676564677,-0.0009539464265669488
702.0,0.0024610258268987005,-0.001645240742161456
703.0,0.002249780893863572,-0.0018437040762193583
704.0,-0.0001296270064350463,-0.0033401228735517783
705.0,9.44531995860744e-5,-0.005441602467277227
706.0,0.0013759025247353062,0.0015380226162486866
707.0,0.0016346282701821507,0.0015634865193877977
708.0,-0.001933564633017848,-0.00033594099212592066
709.0,0.0023806887316175423,0.002344056045992226
710.0,0.0031204061731433513,0.004300531464314267
711.0,-0.0009598059936173778,-0.0018314909913507058
712.0,0.003010778144837592,-0.0007947759074219957
713.0,0.0006337012772186611,-0.0033516572479485016
714.0,0.0031843921879421647,0.004784040675798037
715.0,-0.0006065343198096595,0.0006710131510634026
716.0,0.0022249439824665626,-0.004204253265197609
717.0,0.001411945467884684,-0.00281125588770757
718.0,0.0010522962285735124,-0.0003379524710475054
719.0,0.00011034240760233424,-0.0007845822714091465
720.0,-0.0015148863193651687,-0.0049952119032156345
721.0,0.0003900677666533188,0.0018417713669577514
722.0,0.005019849306985477,0.00023869482069654814
723.0,0.0027113826332944378,0.002062982082328228
724.0,0.003966752522900737,0.002145411873256792
725.0,-0.00037381032982347883,-0.0019321839489434593
726.0,0.0018684408546326638,-0.0006855056775269875
727.0,0.0017248326871982672,-0.0005859187696270993
728.0,0.0012480250023036727,0.002279752858971507
729.0,0.0021440720049841076,-0.00010005793740051974
730.0,-5.5926473234173886e-5,-0.0038134801499408043
731.0,0.0014815881153927256,-0.0013295907044763126
732.0,0.0009657114960858334,-0.002356724192769436
733.0,0.00018874662298267754,0.001265901492478802
734.0,-0.00048731398258803916,-0.005312535923164417
735.0,0.0025394602898607434,-0.005441594737343491
736.0,0.003352207832087956,0.004506975190883637
737.0,-0.00033035508803629706,-0.0038587653283719226
738.0,0.002443754381173918,0.006059455260742452
739.0,0.0025137177937122005,0.005127816193747304
740.0,-0.0014611962864138585,-0.0033197067923534675
741.0,0.0031535218090535415,0.0035028537531500664
742.0,7.990748737063413e-5,-0.0023388830586585614
743.0,0.0014719451268196766,0.005219775296213437
744.0,-0.0011079761391362256,-0.002702704198938409
745.0,-0.00013151633938644913,-0.0006220683337655003
746.0,0.000528094318648654,-0.0026503252685906873
747.0,-7.404817517014153e-5,-0.0021529923134152628
748.0,0.0004334336807340842,0.0008421809007949214
749.0,0.0007178318599192889,-0.004294306118579374
750.0,0.0007327729770346066,-0.0009793103923424343
751.0,-0.0032295836674326645,-0.00562483662035786
752.0,0.002450589458611566,-0.00039838847412371144
753.0,0.00044110448387380246,-0.0005927140823707087
754.0,0.0013699623793937562,-0.000777000328011414
755.0,0.005042082875931978,0.007281336331868684
756.0,0.002353895287801687,-0.002418365324034865
757.0,0.003632723456651715,0.0002987073877061435
758.0,-0.0024144218845153945,-0.005588374506169611
759.0,-0.0007239984414705827,-0.0031716783650615797
760.0,0.0032580884655034506,0.005402097266892891
761.0,-0.00036576467071790697,-0.0041469493758406265
762.0,0.0023562142232029016,-0.0027832046466023386
763.0,-0.0006955330465659944,-0.0025707488859086896
764.0,-0.0009677281652316138,-0.0022438404784848104
765.0,0.0004536042686032495,0.0019463523929208028
766.0,-1.7065872640779268e-5,-0.003276456223798158
767.0,0.002189026902367076,0.001631295224433163
768.0,0.002165595299446827,0.0011668610232242343
769.0,0.00033583103999608606,-0.003256254465743548
770.0,0.0015186327722657405,-0.005052040659556616
771.0,-0.00010803529163124502,-0.003073934141374059
772.0,0.0008001238814464549,-0.002116888751522592
773.0,0.00023733593857219252,0.000685048301352811
774.0,0.0003240524293801938,-0.004314221860077774
775.0,0.0005134593061746074,-0.00274970237198181
776.0,-0.0006463133105879485,0.002057451714721408
777.0,0.001313502645556309,-0.001040515632165041
778.0,0.001950311085292876,0.005163500698596332
779.0,0.002844596303232965,-0.00036152800573431066
780.0,0.001546886065686182,0.00027979779860360266
781.0,0.002128116796069229,0.0009907129644439224
782.0,0.0011214437035500897,0.0011783035874063424
783.0,0.002611467109915823,0.000485857688252878
784.0,-0.0011218852119099924,-0.007281762495669676
785.0,-0.0017930807903353424,-0.00015511856396354938
786.0,0.0005840769324934359,0.0037344412525523968
787.0,0.0020823112272307974,0.0007907875700715534
788.0,-0.0009834299622488113,0.0025847551480013974
789.0,-0.00017036960345255664,-0.001807754456555416
790.0,0.0010869911079715074,-0.0031432620568160948
791.0,0.0008123676343019091,-0.0011634862455394438
792.0,-0.0005656218286403304,-0.00795142598357281
793.0,-0.0025010206793587095,-0.001990351861618309
794.0,0.0025046016537100054,-0.0009649446592533195
795.0,0.0019413587930137738,-0.0007185563101497049
796.0,0.0013016759718719182,0.00275523810710268
797.0,-0.0012252270868890966,-0.000599827322032914
798.0,0.004322489888500474,0.0033374370022857935
799.0,0.0012487128073881192,-0.0043909401247325935
800.0,0.002255656900096591,0.006341002874541591
801.0,0.0014450940817269287,-0.004264869093555084
802.0,0.0023405246568230773,-0.0008483663692673016
803.0,0.003998090441287416,0.004551432327824106
804.0,0.00012222335110057407,-0.001196529912971441
805.0,0.002438709183999225,0.000737604198081658
806.0,-0.0017073628900808034,0.00019660907426955393
807.0,-0.0005612348791476746,-0.001891181923672516
808.0,-0.0015503268241812375,-0.0034023813472930046
809.0,-0.0010135467129299021,-0.0033153766057257223
810.0,8.031093588633671e-5,-0.001552114254008152
811.0,-0.0005361870597504399,0.0012158860850004021
812.0,0.0013658739296652192,-0.0020850881355317682
813.0,0.001701430154635617,0.0012545458728704334
814.0,0.003713706354542435,0.0008614770145836618
815.0,0.0004084503502805921,-0.000512407109874339
816.0,0.0007177710457561352,0.001469490587491491
817.0,0.00047033508128059163,0.0007400421968548158
818.0,0.0038871430527645558,0.00179773858319295
819.0,0.0006973593047332081,-0.0014763823171152777
820.0,0.004818969941365084,0.0021272079567917265
821.0,-3.3934004500781156e-6,0.0026917989403313267
822.0,0.0007615630961773975,-0.001643010911350907
823.0,-0.0020028366663798793,-0.003153193937308312
824.0,0.0014881326636377484,-0.001551033755379153
825.0,0.00017601505734818747,-0.00032332603510065174
826.0,0.0002968135804125424,-0.003078325030566043
827.0,-0.002580256017851789,-0.0007164664708889532
828.0,-0.002124052538556537,-0.002572947376707267
829.0,0.0032855212695198895,0.0015716629263473514
830.0,-0.0010313776200752893,-0.0019934501082982657
831.0,0.0007507909465315418,-0.0028219138327705818
832.0,0.002202641037841712,-0.0008985028608132603
833.0,0.0023596897899050184,-0.003933025021912909
834.0,0.0008683226161823675,-0.002005217550675644
835.0,0.0003579371628543619,0.002358150583405347
836.0,0.0020664318644032357,0.0007586273508698948
837.0,0.004400999070079111,-0.00017932567212995416
838.0,-0.0004906165504879716,0.001104626708391131
839.0,0.0023358900878822433,0.0037324622971538646
840.0,0.0022089241162790083,0.0019145170797340385
841.0,0.0032473496332918773,0.0035145240088963543
842.0,0.002228298844123142,-0.0029352296288019473
843.0,-0.0005215962864962673,-0.0028403741314858956
844.0,-0.00231908865795724,-0.003629141324748973
845.0,0.0008473755256428803,-4.444007821733412e-5
846.0,0.002204066346007436,-0.0015957227510171217
847.0,0.0035658043841063367,0.0013205245946160946
848.0,9.9886090469809e-5,-0.001424384429484328
849.0,-0.002585177199801875,-0.006056245550497567
850.0,0.0011535450185896298,-0.0038777865111451555
851.0,0.0033395022013490952,0.002757001165053349
852.0,0.0006596716710210863,-0.00048247158360014233
853.0,-0.0003173136040189113,-0.004344079728720965
854.0,-0.004397393929888028,-0.008694534304733442
855.0,0.002539091559344094,0.0022746702097756425
856.0,9.462728178051366e-5,-0.005995511977694962
857.0,0.0034971261237695347,-0.00018049073673530926
858.0,0.00042039346463092154,-0.005417880206487562
859.0,-0.0020869827860046128,-0.0002560959718684119
860.0,0.0006765325974819107,-0.0027319976345680907
861.0,0.0006951887545603609,-0.002776124806918899
862.0,-0.0018740664850087885,-0.004216249342691618
863.0,-0.0005385976526778464,0.0010867407122654754
864.0,-0.0002759650431730509,-2.9031338536519087e-5
865.0,-0.0004201440278486509,-0.0002909025346417673
866.0,0.0015110494272540795,-0.0015578869666828228
867.0,-0.0016002367853500093,-0.002480495047251855
868.0,-0.00024509126266077157,0.0028081047514101516
869.0,-0.0006008741844982453,-0.0006144203111508839
870.0,0.0019214205083294986,-0.002342841031197693
871.0,-0.00022793864494924867,-0.0017869517410855254
872.0,-0.002227713519042752,-0.005300648983099919
873.0,0.004006073962157538,0.0006077223049346353
874.0,-0.00023419271222466071,-0.0021752272407464723
875.0,0.002689184992575951,0.002030203777326504
876.0,0.0015500893723318988,0.004575175044862225
877.0,0.0015750967729649416,-0.001943875758029817
878.0,-0.0009202002368839642,0.000697823955547722
879.0,0.0006318407241910248,0.0014537847075074314
880.0,-0.0015977061701945737,-0.00013147541393721698
881.0,-0.0003073966677553279,-0.007399786824483761
882.0,0.0020436005954686228,-0.00022411249483245092
883.0,0.0009358441637341408,-0.0005550548512848293
884.0,0.0004379530227584256,-0.0007723243663372853
885.0,0.000654962498960776,-0.002083309940819804
886.0,0.0010954687681725024,-0.0006358812195797669
887.0,-0.0002469467058635438,0.0035479661834733976
888.0,0.002385629153865455,-0.002617310478892868
889.0,0.0020032753893873697,0.0025814792134755287
890.0,0.0007550755392744602,-7.835082344968238e-5
891.0,0.003843365128418187,0.0011723650166012662
892.0,-0.0010331491408218244,-0.0036229264312384905
893.0,0.0014596237779751157,-0.0039757944399260526
894.0,0.0006628653188145128,-0.0031721484573961787
895.0,0.0036773321663135356,0.001185441022480124
896.0,0.0021291447909024936,-0.0026464525169269328
897.0,0.0035113320286795082,0.006372866964744263
898.0,0.004885531878035405,0.002593460204865792
899.0,0.001442379281985732,0.001520402182499319
900.0,0.004023958002056586,0.004784658761071175
901.0,-0.0013760943879075958,-0.0024076265089015936
902.0,0.0016637743433030132,-0.001491779196389632
903.0,-0.0010916622951385637,-0.0015607645897745927
904.0,-0.0009217583052719931,0.003192712099439043
905.0,0.0002769557610119851,-0.00037290590126216834
906.0,0.0024388883465380836,-0.0007736068057096686
907.0,0.0005020704192183258,-0.00021250910057591809
908.0,0.0031294534201200467,-0.0013322207878095251
909.0,0.0007013560798875966,0.0017581808882885586
910.0,0.0028665214217911796,0.00020224615421595728
911.0,0.0009185655505041768,-0.0024513183513618334
912.0,0.0005574604706597826,0.0003751925191041952
913.0,8.076337251697529e-5,-0.0007179616024436686
914.0,7.907656926370314e-5,-0.0006599481927453913
915.0,0.000737865298724221,-0.0002019431213305574
916.0,0.0019861439462465734,-0.00025754756283962463
917.0,-0.001857150578315231,-0.0042672088027224855
918.0,0.0022860981677924703,0.001954302795714388
919.0,0.0020340644058444686,-0.0012034638394175414
920.0,0.0026525290593796386,-0.0013674183652770584
921.0,-0.000311030542973669,-0.0036103184679841228
922.0,-0.00086863817198919,-0.0029258042058036195
923.0,0.0007966127904373777,-0.0008757326191575074
924.0,-0.0019512382725133588,-0.0024703574559804117
925.0,-0.001928279538559116,-0.0021191187643319824
926.0,0.0011965194383717639,0.0023892020546837003
927.0,0.0017534413828877618,-0.0010408217070947755
928.0,-0.0004400477329063503,-0.0010518040907492887
929.0,-0.0007818483044163201,-0.007533522977832592
930.0,-0.0004166869819903307,-0.004923549469897174
931.0,0.0015144624814652189,-0.0037995276663270396
932.0,0.0023962614330662606,-0.0010008811632227896
933.0,-0.00011216076657631147,0.004156515708245379
934.0,0.00012042091925900006,-0.001029410748088518
935.0,-0.0007185123021414028,0.001111584192916861
936.0,-0.0026488128949391193,-0.006243922599433244
937.0,0.00030466787412727393,-0.0033313052693593587
938.0,-0.0012052566615919416,-0.001178829546880041
939.0,-0.0001915908781229086,-0.007057860389663986
940.0,-0.003226113629544174,-0.009689087926812941
941.0,0.0023505102798858906,-0.001535030969039794
942.0,0.0004035754339239131,-0.0007602217118493471
943.0,-0.0007642085140128187,-0.0003938472329921529
944.0,0.0034496357820687383,0.0034905480055512986
945.0,0.004715475287797926,-0.0002622831221571465
946.0,0.0014985958515923005,-0.0003652136880649136
947.0,0.0031867942566871778,0.0004413447337311093
948.0,-0.001469011794110221,-0.0026683189377482656
949.0,0.0001414942402964531,2.3335641699224888e-5
950.0,-0.0006907297694340768,-0.0011247537763778453
951.0,-0.001766065739403098,-0.00257758589186727
952.0,0.0044041615139863155,0.0028785845043724327
953.0,0.0019916774231266724,2.1576245775126357e-5
954.0,-0.0009561899664774416,-0.00387463001829256
955.0,0.0016115670761462234,0.003723372768412043
956.0,0.0010484686486371842,6.318052436656626e-5
957.0,-0.0009630197363702,0.002026296969714143
958.0,0.0019148183180548422,-0.0012679308285891264
959.0,-0.002117299335888302,-0.00015379925974631187
960.0,-0.00126185195998058,-0.003525059616360597
961.0,-0.002342188096879493,-0.0023610763051227284
962.0,0.0009058725707111128,-0.003740996770596182
963.0,0.00011682497593989894,-0.0027009325576737206
964.0,0.0004517840190419965,0.002430611388854962
965.0,-0.0035570846408861244,-0.0013226102653703226
966.0,0.00018321035679193243,-0.0018823016861678893
967.0,0.001068270513578329,-0.005146055826447255
968.0,0.0015331491292117313,0.0009511786700159627
969.0,0.0031593748443790592,0.0038973750018187567
970.0,0.0015952596679214498,0.0024500819899600235
971.0,0.003615778657328946,-0.0018300047293482134
972.0,0.001194039674860485,0.0022029724792227293
973.0,0.0008077261686038858,-0.00021608510347361515
974.0,0.0038568358154643964,0.001551844593219243
975.0,-0.0008518305295804938,-0.0019414791292376055
976.0,0.0012250345465588128,0.00043396758872091116
977.0,0.0013413130969985375,-0.0027638668910538325
978.0,0.0010159896939823145,-0.0025237167126659094
979.0,0.002925651443094916,0.003724399471113816
980.0,0.002018506720512794,0.0024677738651715216
981.0,0.0019869044728146206,0.0021622943549772307
982.0,0.00311590826813193,0.003520720054674684
983.0,0.0028083037686085074,0.000493091869783133
984.0,0.0010189648844410734,-0.0007062116641958592
985.0,0.0006490494721228981,0.0025025309906657883
986.0,0.0014738588708471181,-0.0012076469678987674
987.0,0.0015971177552313962,0.0019342578911985943
988.0,0.0011517987436154343,0.003635039408424723
989.0,0.001208286833617882,0.000648322399727514
990.0,0.00045159482716571064,0.0006921459602172385
991.0,-0.0008529320441287193,-0.005786808522654666
992.0,0.0006066364091003731,-0.002968387583167494
993.0,0.0013857176251064996,-0.001409691825428813
994.0,-0.0001110900903452479,-0.005508269083335947
995.0,-0.0011036056937535049,-0.0017757600005416806
996.0,0.0025228264448297,0.003463675433578237
997.0,0.0010510587744507263,8.924063326151403e-5
998.0,0.0008853774825527375,0.0019397293436185243
999.0,0.0002482768303408302,-0.0028182228405352083
1000.0,-0.0024475501314803277,-0.0025255299140816505
1001.0,0.004139902351080203,0.003913687281331498
1002.0,0.0015251915925564323,-0.0007086193424473151
1003.0,0.0011032433042390388,-0.0009536031991604562
1004.0,0.0017009538207923432,0.0026989519964853233
1005.0,-0.0024510757324312828,-0.005081483452064866
1006.0,-0.00040778045319509604,-0.00023821212397187393
1007.0,-0.00011260851377244614,0.0020109904641657577
1008.0,-0.0011753034738631904,-0.00590614206817594
1009.0,-0.002425521515663128,-0.0025491295626192626
1010.0,0.0021050822795351475,-0.0014443412734281619
1011.0,0.001419412611742361,-0.0028559526713516402
1012.0,0.0010183386235280453,-0.003635115397373141
1013.0,-0.0007783268696690668,-0.0008825145384994597
1014.0,0.0023757516363877656,-0.0003736449078739945
1015.0,0.004293415563108288,-0.0023062311449729084
1016.0,-0.0012343109992723345,-0.007831212668868368
1017.0,0.0011486258915441557,0.0018694202232521144
1018.0,0.001718936768360148,0.00046689515391382916
1019.0,0.001400730107144402,-0.0026726483150906516
1020.0,0.00026146973030037043,-0.0016539722966239572
1021.0,0.0004980081671608758,-0.00046522112618755876
1022.0,0.0032970174560180824,-0.0006234150769488225
1023.0,-0.0005307396200137218,-0.004721343849068224
1024.0,0.002241456518413453,0.0005396571396848453
1025.0,0.005460979352076118,0.005548832048026941
1026.0,-0.0005795614077539796,-0.002103470198799377
1027.0,0.003599740943676997,0.0021636415099303154
1028.0,0.0015702374810934888,-0.0022918831996342685
1029.0,-0.0019068189979789742,-0.0033391334023093067
1030.0,-0.0014739913606473423,-0.004924280325600238
1031.0,0.001124228398652706,0.0022830025462928084
1032.0,-0.0005626813002436832,-0.0014597622451420335
1033.0,0.0021800523209314026,0.0054331731805578555
1034.0,0.0001023461730568257,-0.0045401599715125
1035.0,-0.001603931639830891,0.00012628465230979296
1036.0,-0.00022643336153362905,-0.00015663692111940157
1037.0,-0.0005661438123581505,-0.002649032592622912
1038.0,-0.0005315358220292125,-0.0014408903084821931
1039.0,-0.0007223312131158062,-0.008238282766990462
1040.0,-0.0006631843373740475,-0.004005360391267907
1041.0,-0.0030009962814107217,-0.009153366959985388
1042.0,0.005204018261738632,0.002612783300183532
1043.0,0.0008474730375249195,0.0031781891052503914
1044.0,0.0013158224717251176,-0.0005247488292367049
1045.0,-0.0013896135042183984,-0.004899663782658362
1046.0,-0.0001669299987118886,0.006149892619841493
1047.0,-0.0011134587629019138,-0.006600237030144143
1048.0,0.0017699954284392798,0.003720570768560915
1049.0,0.0003121860336673316,0.0032894097384209868
1050.0,0.00013843736686006914,0.000637328094062659
1051.0,0.0009052725118286272,0.0018357390835575956
1052.0,0.0003037857328585571,-0.001856132487944103
1053.0,0.0029522119097133708,-0.001219326170312133
1054.0,0.0025049578324249245,-0.002962079736785312
1055.0,0.0009497212208365438,-0.00022123795197794544
1056.0,0.004081266061492297,0.006495186795461528
1057.0,0.0005611089357661591,-0.0007557650005510618
1058.0,0.0032007240411837004,0.005585244506520686
1059.0,-0.0008262886170944924,-0.0013522451310133076
1060.0,-4.98288783508244e-6,-0.0021675738588754897
1061.0,0.0020204791532319835,0.005241443407194553
1062.0,0.0006783969374366214,0.0031128075862035275
1063.0,0.002704814584375048,-0.00014934901535396846
1064.0,0.004752214193608534,0.0030909833108896715
1065.0,0.00256643052526455,-0.000534159468652498
1066.0,0.0013711117124737915,0.0027347847430212392
1067.0,0.000563290564671825,-0.0006638930152413024
1068.0,0.003688781662042454,0.004900403826074461
1069.0,0.0013166571788115308,-0.0016396707656465427
1070.0,0.001446066046621279,0.00200250103036873
1071.0,0.0023626110381738644,0.0015311413644365998
1072.0,-0.003143434984911305,-0.005085134636945907
1073.0,0.0021244210251673713,0.0028223125993311125
1074.0,0.0014818980569012913,0.006852805659735046
1075.0,-8.496156397428871e-5,-0.0010048559249661042
1076.0,0.003989503159486221,0.002679310856598502
1077.0,0.0027390373182009774,0.0063068489258379015
1078.0,0.0001240883082503375,-0.001334579770778313
1079.0,0.0015351841949437128,0.000572691981312187
1080.0,0.0031523892987303744,-0.00022806986614708013
1081.0,-0.0012182986762278552,-0.0032440237271581973
1082.0,0.0021330417940313,0.004626071418270339
1083.0,0.0007861851106326633,-0.002350556880387755
1084.0,0.00047985171849523184,-0.0035621857260420414
1085.0,0.0034862004759436994,0.005962606238033801
1086.0,0.0019234946471753445,-0.00278581759954962
1087.0,0.0032606817941564434,-0.00127251388137114
1088.0,-0.001169515936108945,0.0012516927963020469
1089.0,-0.00020820683737140654,-0.004429282468728376
1090.0,0.001829568943183397,4.302329838995063e-5
1091.0,0.0017393715655345007,0.0019617860097809244
1092.0,0.0027083453088935653,-0.001221738911752251
1093.0,8.321644733440414e-6,-0.0009938224808889997
1094.0,-0.0019683946556111483,-0.0067236004824629235
1095.0,-0.0007854513783275302,-0.000670647021432033
1096.0,0.0023589528617741053,-0.0005516209488692795
1097.0,-3.3837734727491644e-5,-0.0038860042424227093
1098.0,-0.0002576993531162099,-0.003156832706753313
1099.0,0.0007700214256583091,-0.0018203053980283253
1100.0,0.0011202919652842861,-0.0012623925365690004
1101.0,0.00015581694969771145,-0.00320913123063553
1102.0,-0.00265616384357043,-0.0060589770337988345
1103.0,0.0018481086485290605,0.003164258036191301
1104.0,0.003183046640070692,0.0007762465249926705
1105.0,-8.347709540592462e-5,-0.0017382330296106226
1106.0,0.0018120595037884807,0.00568713136564869
1107.0,0.0022280706100931105,-0.001862777262326965
1108.0,0.0012232435600546263,-0.0026427593880423554
1109.0,-0.0007229834420713785,0.000699710758842051
1110.0,0.001353258075933043,-0.0008276462600341549
1111.0,0.0012242848124291883,-0.0018197602092119975
1112.0,0.001207609509223166,-0.000988768849300308
1113.0,-0.002189811092870864,-0.0021817369719910012
1114.0,-0.0022661264996371683,-0.004307124105000141
1115.0,5.500820910931603e-5,0.00020261331252147762
1116.0,0.0019958067832445024,-0.0012481145509489317
1117.0,0.001251536003996621,0.00044653378108842434
1118.0,0.0021013024528553632,-5.9120502473117134e-5
1119.0,-0.0010757115032797953,-0.0006406552055794443
1120.0,0.001114487235603396,0.0021897375707559796
1121.0,0.002924173300547439,0.004334038003506292
1122.0,-0.0006148137520858764,-0.0027768870468249563
1123.0,0.003470889360295919,0.00042145278670728276
1124.0,-0.0023619485329588355,-0.005078908315626604
1125.0,0.001273100671820357,-0.0037632077046083783
1126.0,-0.00015269839732669422,-0.002049611763032153
1127.0,0.0022792703148768675,0.0023802234141131764
1128.0,0.0036448782605095716,0.001754657431246208
1129.0,-0.0007108548423156719,-0.0022286938338991072
1130.0,0.00223884625023548,0.005584831236033911
1131.0,-0.0025646021552198825,-0.002802561432249562
1132.0,-2.5151362156930147e-5,-0.0009466753096856763
1133.0,-0.0012939892551551194,-0.0031325419702672723
1134.0,0.00010085400958409629,-0.0034558165638566055
1135.0,-2.800774424926566e-6,-0.0033665213741022
1136.0,0.002331125031610751,0.0002506785196508721
1137.0,-0.003144206351746038,-0.007209614182822937
1138.0,0.0013518466618450773,-0.004544578322154639
1139.0,-0.001170963738462875,-0.004238310682572509
1140.0,0.00012977651134304835,-0.0019937814895877016
1141.0,0.0020904000143030814,0.0008837936492032527
1142.0,-0.0002891342363179989,-0.00372565286969482
1143.0,0.001524984475356427,4.126437443554723e-5
1144.0,0.0015575407568798815,0.0017401293187707912
1145.0,0.0035542700018095738,0.004970324843261759
1146.0,-0.0007429502848100991,-0.004153459723684394
1147.0,-0.0014640924611895524,-0.0006239161796694341
1148.0,0.00045585216821211885,-0.006169696256480038
1149.0,-0.0015123771796965754,-0.003625677168556284
1150.0,0.001619921253785153,0.004214434390100797
1151.0,0.00041561514913795804,-0.005544187713124061
1152.0,-0.0002930623211723761,-0.003137799141911569
1153.0,-0.001546227554732946,-0.004924196084639538
1154.0,0.0017835931223597725,0.0016221568076837686
1155.0,-8.418026277584725e-5,-0.0007236689016546317
1156.0,-0.0004479070153158839,-0.0039179189970659
1157.0,0.003250622317066486,0.0006140073603732129
1158.0,0.0010013537604507512,-0.0009009229897035756
1159.0,-0.0012120760043734613,-0.00441352698580914
1160.0,0.002096327318894482,-0.002055894288790184
1161.0,-0.0024580362951321932,-0.004859138710616173
1162.0,0.0029969433231204763,-0.0005991567323402512
1163.0,-0.0005101193590771686,-0.002484394060619909
1164.0,-0.0003912491355896108,-0.001469084234161236
1165.0,0.00025843171745158934,0.00034831000903245225
1166.0,-0.0003913563349349883,-0.0029369472574013577
1167.0,0.0006444067759257973,-0.0004958397010664188
1168.0,-0.001687609773135274,-0.005319621137977662
1169.0,-0.00022021009856707717,-0.0042142743109571945
1170.0,-0.00030594416247605794,-0.0055053793711195296
1171.0,0.0019157694685478417,-0.0012972826931200174
1172.0,0.000671239120412244,0.00011267580818146269
1173.0,9.096982202579535e-5,0.0020930864834338685
1174.0,-0.00067337404114197,-0.0033671232984950235
1175.0,-0.000796006078696388,-0.003133837405494088
1176.0,0.0010633756244475714,-0.0004570175656150653
1177.0,-0.001483913597451675,-0.005672094406468548
1178.0,-0.00045642365543755066,-0.0031889029173688068
1179.0,-0.0021008685882339118,-0.0025223572716258397
1180.0,0.001119407376823327,-0.0008869400870720044
1181.0,0.005153784322712857,0.005764298043360567
1182.0,0.0031143501612886262,-0.0009706187542108741
1183.0,0.001948145518895872,0.0022586897574213127
1184.0,0.0009129274953575006,0.0008065604608844672
1185.0,0.003840312470624284,0.002526741348719481
1186.0,-0.0008958372266263949,0.0005264993833492876
1187.0,-0.0009149108392269745,-0.004098616152203438
1188.0,0.0044084947369947,0.003878547833589875
1189.0,0.004283213538551893,-0.0012541726419762842
1190.0,0.0020686079809654964,0.00011961828123033632
1191.0,0.0017677706564945641,-0.0014570532825386186
1192.0,0.004446913724642964,0.0026493430981479383
1193.0,0.0016987344569662133,-0.00017932349236516167
1194.0,0.003833377847131228,0.010063718496242774
1195.0,0.0019821249251343593,-0.0028278865834870997
1196.0,-0.002768176053019208,-0.007080386826587985
1197.0,-0.0002879427725485213,-0.005392542416683867
1198.0,-0.0003616301787752471,-0.002594654779912064
1199.0,0.002565088379566678,-0.0007384121014255384
1200.0,-0.0022376725259636967,-0.004309737730761729
1201.0,0.003308651105048681,0.003269474828818983
1202.0,0.0014408293207369236,-0.004510057376043502
1203.0,-0.000256634729332919,-0.0034543438304935935
1204.0,-0.0020720813116977565,-0.003312715186653521
1205.0,-0.0005957176598230603,0.00030608797748035265
1206.0,0.0007601465586799969,-0.0005283320958988073
1207.0,-0.0009989233825420211,-0.004238239854810052
1208.0,0.0009278747944733221,0.00021018954209920575
1209.0,-0.002369729051001172,-0.006330457906876017
1210.0,-0.0006813826978702385,-0.005130979628273889
1211.0,0.004083077163918462,-0.0017133096420081744
1212.0,0.002837008721725889,0.0011138865356880429
1213.0,0.00029127831618448545,0.0018713982384345892
1214.0,0.0006881027567396971,0.0011989616910392882
1215.0,-0.0014557672568120798,-0.0053418341818122555
1216.0,0.0009610926185312464,0.0025160218873253736
1217.0,0.0009022445029098186,0.003215955719207063
1218.0,-0.0002917897643997706,0.0009974585956549534
1219.0,0.0003048587232302967,-0.005746161571739255
1220.0,0.0019128009365874743,0.0006175915302314302
1221.0,0.0022508104927547964,0.0021590940593988347
1222.0,0.00198874893972251,0.002724384222485751
1223.0,-0.0015327180284209591,-0.005315158697442408
1224.0,0.0013900296914077168,0.0005644760998695791
1225.0,0.0009531378821700793,-0.0034821407707651387
1226.0,0.0007770166673030856,0.000735603273243241
1227.0,-0.0023895996369089146,-0.0014137322650937772
1228.0,0.0021500923919364695,0.003257834145473418
1229.0,0.0021542021356807353,0.0014819124069394502
1230.0,0.004153634199054202,0.00562031330506952
1231.0,0.0022110245498705786,0.0065069024836506605
1232.0,9.178905074719232e-5,-0.00015104241291385726
1233.0,0.0015557348611025777,-0.000488240503464366
1234.0,0.00303781234157417,-0.000309586620431511
1235.0,0.0011279997422702626,0.0030333051584010362
1236.0,-0.002892911182084214,-0.006279136480268207
1237.0,-0.0004044524009747677,0.0010829680170442962
1238.0,-0.0016619215029015585,-0.006580823040632004
1239.0,0.0010525211734549367,-0.0027231550379802276
1240.0,0.00011258089320674988,-0.0019577146712152237
1241.0,0.002916445206360215,-0.0002751817846652474
1242.0,0.004041519080141705,0.002219523583519186
1243.0,0.0013793622326866146,-0.0014275769325009756
1244.0,0.0021215248241237875,0.0032597464450349663
1245.0,0.0003840557259039784,-0.0016875207087702698
1246.0,0.0019466903868817433,0.0022281572988465358
1247.0,0.0014139729585842707,-0.004326814064805164
1248.0,0.00034060175025736237,1.767646555128568e-5
1249.0,-0.0008250328131716491,-0.00031406986773811123
1250.0,0.0003468494205988903,-0.003257514115112345
1251.0,0.0009452618769530975,0.001054080536541219
1252.0,-0.001229962496575668,-0.0005669623412516727
1253.0,0.0035983890783892174,0.004741844628258503
1254.0,0.0012242669303693728,0.0008061856118444572
1255.0,0.0016325925864089633,-0.00017587696569744263
1256.0,-1.1190689482412827e-5,-0.0034413901203694613
1257.0,0.0004448678088419506,0.0003087834561902612
1258.0,0.004221177401615091,0.0015333792703504621
1259.0,0.0014931786183742634,-0.000210358859108828
1260.0,0.0020328659040928817,-0.0016969017451255208
1261.0,0.0007365865452343083,0.0008602502368173487
1262.0,-5.561283644549782e-5,0.00013235901510696895
1263.0,0.0013223123110343911,0.0004820878714642034
1264.0,0.0027357752636534734,0.003491621079183397
1265.0,0.0005878783989907143,0.0018928986733979423
1266.0,0.006593125018711692,0.006856936057108852
1267.0,-0.00035955943290662794,-0.0039227872801069
1268.0,0.0010582096088739216,-0.0007416098903663816
1269.0,0.000572609308852948,-0.003770921862755643
1270.0,0.0004922322050132223,0.0017252536092039064
1271.0,0.0029427342885249073,0.006543256084045464
1272.0,-0.0015304814941593072,-0.0027877780924199774
1273.0,0.0019434156672729574,-0.0005304016142712783
1274.0,0.0004650878742374958,0.004085508637559123
1275.0,0.001140228460851436,0.0019975891765275887
1276.0,0.0017152628264917118,-7.03158407219529e-5
1277.0,0.0050338953416444315,0.0035694067544328367
1278.0,0.001519697388839235,-0.0005489334240353219
1279.0,0.0008207519955650917,-0.001992663983840352
1280.0,0.0021237636785875463,0.0006567775951908117
1281.0,0.0030031562995918573,-0.0006971183331641811
1282.0,0.0016324780059437727,0.0024385342534874316
1283.0,-0.0009850447985653814,-0.005135687786981767
1284.0,0.0012874857188453044,0.0016958442294163947
1285.0,5.4828399993729854e-5,-0.0027218016066478026
1286.0,-0.0016054456327241234,-0.0002728478094732685
1287.0,-0.0006131205311673599,0.0006298358967595852
1288.0,0.0018202514398531038,0.004037884763163413
1289.0,0.0018913255335208396,0.004186152169810444
1290.0,0.002078244234238129,-0.0010884115569608735
1291.0,0.0013348651481593428,-0.0006233358795643036
1292.0,0.00279837554753424,0.0011784914079799283
1293.0,0.0010768424649715421,0.004004414758744465
1294.0,0.002255433729115767,-0.00034298229613135146
1295.0,-0.0028582611853433864,0.0005620251448419146
1296.0,0.0027559637627619705,0.0008502434419945098
1297.0,0.001552943767703283,-0.0011342978088432322
1298.0,0.003794602827565925,0.0015359430528093215
1299.0,-0.001846637791088761,-0.005052640361619136
1300.0,-0.0012275716678449209,-0.005688284146312764
1301.0,0.002292931378199863,0.002660400366826739
1302.0,0.00033133606025758793,-0.0019054195270014754
1303.0,0.0013610766240643836,-0.0020329655982040925
1304.0,0.00088763305475923,-0.00040801191661662034
1305.0,-0.0011199933342864801,-0.0022938812332553055
1306.0,-0.0011595743526257327,-0.0006401976469340275
1307.0,0.00014062294752260307,-0.0030326811762390756
1308.0,0.0009057397173027682,-0.0026183525213647175
1309.0,0.0024441115186220113,-0.0010425940761353092
1310.0,-0.00044995145261917177,0.0008743051530569067
1311.0,-0.00029499805966146743,-0.004800354089425547
1312.0,0.0013609675131768413,-0.001821483457488736
1313.0,0.001084353940588484,-0.0005328291317558564
1314.0,-0.0017608375864579826,-0.0007653187306522999
1315.0,0.001578413416223468,-0.002021084581447433
1316.0,0.0007734718137653692,0.0029668626911660235
1317.0,0.0006449568895929997,0.00025349508444070325
1318.0,-0.00241990377068258,-0.006353199082375662
1319.0,-0.0006562227625730163,-0.002693931296391987
1320.0,0.0019473497247494784,0.006336879138332451
1321.0,-0.0011728245428008657,-0.0021309580308840085
1322.0,0.0014404336220878767,0.0006543501598577987
1323.0,-0.00033778606779608225,-0.0052822838044167385
1324.0,0.002134025489683342,-0.0020398530807104465
1325.0,-0.0018351858998693048,-0.0055720020508826466
1326.0,0.003190940295585014,0.0014461729988825595
1327.0,0.0006758131375813164,0.0006771962753482836
1328.0,0.0003134094444853953,0.00024562306925260624
1329.0,0.003425286632655702,0.0027725278711121623
1330.0,-0.0013576592871731832,-0.00279787759030312
1331.0,0.00021827014289628515,-0.0016551079557745748
1332.0,-0.0013133249049047174,-0.001019841286302259
1333.0,-0.0013326077733659132,-0.002075435426277225
1334.0,-0.0001431648633364652,-0.001970898312893641
1335.0,-0.0004953955164982244,-0.002323259552850878
1336.0,0.0010106331960538196,0.00010080430722603735
1337.0,-0.0008059246657141947,-0.00048525999521078844
1338.0,-0.0010124479487400694,-0.0030797110802403475
1339.0,-0.00195020851308107,0.0004957855160058373
1340.0,0.002862176308352539,0.00013161174152759636
1341.0,0.0012902104446767227,0.0014349250292967873
1342.0,-0.0008925772463312096,-0.004313132571492713
1343.0,0.0014300561805988086,0.0022092198864765832
1344.0,-0.00013938678386518627,-0.0023348939357184066
1345.0,0.0006842727871301826,-0.0022971468922689353
1346.0,0.001863461045926687,0.0004926530980990567
1347.0,0.000706338914797831,0.0013626101381067834
1348.0,0.0018282387530369885,0.0014321387762079444
1349.0,0.0002914249249179613,-0.0016794049396784405
1350.0,0.0003360232132834436,-0.0010972604705243479
1351.0,0.0015753444730482282,-0.0007754921192259674
1352.0,-0.0022292109916628193,-0.006702758098528333
1353.0,0.004384648551035302,0.00456732594113351
1354.0,0.004986418087239,0.0042960268100099095
1355.0,0.0012735848309944075,-0.003105947876985345
1356.0,0.0014535176017695028,-0.002016347224117933
1357.0,-0.0003957178716909766,0.0003284920625532984
1358.0,0.001967366885759889,0.0019642382416865975
1359.0,0.0012355225206266416,-0.00405072241881758
1360.0,0.003608859511542209,0.0032667960102422447
1361.0,0.0028607270592959874,0.00702249939680465
1362.0,0.002647602503278932,-0.0033357406543835007
1363.0,0.0003572332529298053,-0.0021287397062614228
1364.0,0.0007219968920719896,0.0019031389518267244
1365.0,0.0013437326815766162,0.0032262821762207294
1366.0,0.00029189193363290305,-0.0065260516736117425
1367.0,0.0020537573942192916,-0.00044868058124501346
1368.0,-0.00017669140784354998,-0.004648466158126549
1369.0,0.002111212498565801,0.0024041638807804602
1370.0,0.001644595064538231,9.779491417720516e-5
1371.0,0.004383279345883875,0.00758927651159025
1372.0,-0.00017390880381048897,0.0017733063853586724
1373.0,0.0012166860974105274,8.412808941055081e-5
1374.0,0.0006493000012668321,-0.0022364701568605484
1375.0,0.004476863543032381,0.006951838556594714
1376.0,0.0028360440808032046,0.0015078812466005358
1377.0,0.0018542018586184825,0.00037379632843533483
1378.0,7.99314279030101e-5,-0.003492491112254235
1379.0,0.002924082933058494,-0.000672016197373906
1380.0,0.0009552968961169707,-0.003980124266373508
1381.0,-0.0005914472543335607,-0.0011365921320529088
1382.0,0.0014455960867295248,-0.004560943344651402
1383.0,0.0010301698028712199,-0.004933183803289891
1384.0,0.0014437876231127786,-0.00119394427776215
1385.0,-0.001681575409083257,-0.004041858423593058
1386.0,-0.00038320005274963495,-0.001466020835761947
1387.0,0.0008893692103115913,0.0029511839962276455
1388.0,0.0027051903451136114,0.0015568319373541009
1389.0,0.004424140785770799,0.0019749103447990694
1390.0,0.0022126475758663107,0.0031577716396697843
1391.0,-0.0030589352403671134,-0.008669547012754186
1392.0,-0.0001917483821201385,-0.0038742190082708375
1393.0,-0.0024455697511946636,-0.0074851831257585644
1394.0,0.0012779587605061219,0.0012249737406830848
1395.0,0.003355238654945857,0.00038591170043330094
1396.0,-0.002192277592362264,-0.005063224728012562
1397.0,0.006168646539583502,0.002784213125871897
1398.0,0.0013356283164850814,0.0014033102048712184
1399.0,9.65130427513346e-6,-0.00236571704134614
1400.0,0.0016045199864193678,0.000539557483380507
1401.0,0.0012299666319324576,0.003352257369259545
1402.0,-0.0024395572112833864,-0.006140053009361442
1403.0,0.002630899467776664,-0.0018090590202685726
1404.0,0.0017559179672301242,0.0006540946037200792
1405.0,-0.0022556374467848504,-0.003993969560018117
1406.0,0.0007764742128840166,-0.0007011740306095978
1407.0,0.0012370750831934602,-0.004700860655085937
1408.0,0.00358431812354394,0.00134350635313189
1409.0,0.002373586208349301,0.0021090752105220397
1410.0,0.0003192253559849159,-0.0001918303523171314
1411.0,4.170804867166555e-6,-0.00011928579603756793
1412.0,0.0010204050026786677,0.000747049373408319
1413.0,0.0016621460409938485,0.0005513280667566231
1414.0,-0.00025522481047096716,-0.002622309599823825
1415.0,-0.00037500404319604767,-0.0015184091539524366
1416.0,0.0005420765192096581,-0.001542957885536142
1417.0,0.004987273630374302,0.000941366817707223
1418.0,0.002426408084055838,-0.0022277607344930034
1419.0,-0.0002958039498005694,0.0006809319814484506
1420.0,-0.0006303852992017372,0.0001125594990442413
1421.0,0.0021524502436532445,0.0016960263494678162
1422.0,0.0014620658729106353,0.002080722861784186
1423.0,0.0024687243138106683,0.0029941281284357403
1424.0,0.002291021050460794,-0.001506501044315389
1425.0,0.002206332011207441,-0.0013592525429684762
1426.0,0.00144470969628993,-0.0015715695033374675
1427.0,0.002991095102105167,0.0039497093824192465
1428.0,0.004296752075857146,0.0018434128839544732
1429.0,0.0014827892830789986,0.0001603677642895733
1430.0,0.00314163525200306,0.0015209164036406066
1431.0,-0.0017887307824364835,-0.00022152425934149504
1432.0,-0.00023995941132309826,-0.0014263081867332758
1433.0,0.0028650952842381935,-0.0002151602895181887
1434.0,-0.0019294550550504365,-0.0004105443798831957
1435.0,0.0011798203723407646,0.0004007228207351408
1436.0,0.004314744922027214,0.0015457586258899342
1437.0,0.0014573994760338882,0.0021696845239646636
1438.0,0.0001588681724615922,-0.002087946568923473
1439.0,-0.0006193023357756889,-0.002912651560535885
1440.0,0.0024017321576275583,0.0030513344546924536
1441.0,-0.00013721258901318672,7.29006227731571e-5
1442.0,0.0006404799384109976,-0.0028436898476355155
1443.0,0.0001581209800561786,-0.0013581654852413663
1444.0,0.002015414940155494,0.00024880059626907175
1445.0,0.0026828940962805737,0.0030039486010466155
1446.0,0.0007221578985710982,-0.005285817457687492
1447.0,0.0030152404952256137,0.0019322659275218235
1448.0,-0.002142255203503154,0.0006347539438937098
1449.0,0.003886815547004646,0.0012792481301905807
1450.0,0.002526274793985429,-0.0014124144086890618
1451.0,0.0005665324914894387,-0.002125674328718761
1452.0,-0.0007878134806136919,-0.00230735395669207
1453.0,0.00021365156738895622,-0.0016394983134073366
1454.0,0.00011611147029868789,0.0003977315957451583
1455.0,0.00029504467337474556,-0.004226026566523805
1456.0,0.002141147918879698,-0.0005398924522369761
1457.0,0.0002930377051685418,-0.000470415339559706
1458.0,-0.001213349269833739,-0.00047381941862621773
1459.0,0.002630200732283574,0.0027871801695132864
1460.0,9.842560564516153e-5,-0.002753580858640223
1461.0,0.002532847746881627,-0.001862359943461479
1462.0,-0.0002419062213670851,-0.005402253347985305
1463.0,0.0005624502259690459,-0.0014968958882396225
1464.0,0.0005402987649005471,0.0015765810752703501
1465.0,-0.0003060044638958206,-0.0020344300281072915
1466.0,0.0009531969389909342,-0.0034389240185811534
1467.0,-0.0009899357019227425,-0.0019137216594854974
1468.0,0.00040402198460239144,-0.0010006357833294444
1469.0,0.0011237094543081728,-0.0016886230694736766
1470.0,-0.00010512127161396538,-0.004457755082940194
1471.0,-0.0009553647018074472,-0.004674125390655773
1472.0,-0.0012395193529437939,-0.007575407306000262
1473.0,0.0021709460612655907,0.0007412447620436227
1474.0,0.002836080308770964,0.002835686027382999
1475.0,-6.585495110325508e-5,0.002479431791457492
1476.0,0.0021284631964350845,-0.0015702714206411335
1477.0,0.0003431654089366132,9.75154473400447e-5
1478.0,0.002095922935958401,-0.00046273862236705375
1479.0,0.0015046089837511315,-0.0023753382758605057
1480.0,0.001234739896665092,-0.0018955522145341049
1481.0,0.0015904943917258013,-0.007148264697299194
1482.0,0.0016841117799317792,0.003803018589076189
1483.0,0.0016809414966066794,0.000683087823260751
1484.0,0.0018555540283430013,-0.0016232072630578645
1485.0,0.0019041420029033717,5.977474748365376e-6
1486.0,-0.0001588246638071716,0.001648619992175779
1487.0,0.0036878253618794596,0.0025487031765973863
1488.0,0.002488252005530688,-0.0019159648145825815
1489.0,-0.001228936650417284,-0.0031908062354262827
1490.0,0.0023690221475505405,0.0029458349710070734
1491.0,0.0016037543103578143,0.0016809861690455497
1492.0,0.00020342822600921952,-0.004458863759247984
1493.0,0.002667786415688804,0.0005905226306378861
1494.0,0.0001946675587706045,-0.005991733374266608
1495.0,0.0016575363389471657,0.0022565697821940625
1496.0,0.0007867844398161665,-0.0006132813616961901
1497.0,0.0026740059543683913,-0.00031704139163595473
1498.0,0.0036624062956349466,-0.0005921430916658154
1499.0,0.004924719169491494,0.0019020547361166987
1500.0,0.0007671518508834686,6.348927109802303e-5
