irz,beta_s,beta_d,T_d
1.0,-3.145308423872669,1.577124771060232,20.40015294436126
2.0,-3.059009100598554,1.5563061850929707,20.385298188523144
3.0,-3.1126975022590093,1.5146427703546301,23.628631413186785
4.0,-3.1546619509703566,1.562794280305866,20.123374793789914
5.0,-2.9398581112313815,1.5783834858396972,19.37916137123303
6.0,-3.0455200288578608,1.5054347365803062,22.268631430868698
7.0,-2.8099925354494517,1.570339860771519,19.458902385545777
8.0,-2.996171587341291,1.5315076348906687,21.99713610810914
9.0,-3.0437080927041955,1.5416332868669873,23.04797939917562
10.0,-2.9206360542851195,1.5437407655403934,20.61029001077397
11.0,-3.118044220044004,1.539544254863909,20.377125395124764
12.0,-3.012092468431086,1.570377493537185,20.625438509031405
13.0,-2.98945986744062,1.5547620898232797,21.341040029575982
14.0,-3.222400603761682,1.5624337573820193,20.443344263468948
15.0,-3.012269062879911,1.7284063514516936,15.104704071197638
16.0,-2.9909730512819284,1.486473696214131,23.80921308408478
17.0,-3.005566112039095,1.540976526193246,20.979831710864207
18.0,-2.9356561882132777,1.5805649123937804,20.404602326462637
19.0,-3.045081429200909,1.5926551358261496,18.67110844811139
20.0,-2.9744125342694385,1.5832606155750724,18.607890983651075
21.0,-2.9103722260527913,1.543686646283651,21.85986708930423
22.0,-2.9806481757373318,1.5344439070160334,21.445460512928243
23.0,-2.971387972695846,1.5360293042344033,21.12594057539944
24.0,-2.881162067674357,1.5867358909505023,22.458444583229383
25.0,-2.9010643757256904,1.5687618618325314,21.054968011133617
26.0,-2.956356925891094,1.5930152373581654,19.18631772514952
27.0,-2.9598152321762337,1.682504586097549,16.521575728416472
28.0,-2.9497497173362537,1.5871181341561793,19.549508770874056
29.0,-2.9486310989357656,1.5692009640131845,20.603468809346815
30.0,-3.0364341981253085,1.546084410971155,22.66537086915864
31.0,-2.8720947442797318,1.525578181590091,22.36377677974707
32.0,-2.8876443461992563,1.5892682628405403,19.802467271349546
33.0,-3.199261896259049,1.5610340542542587,19.816464521782525
34.0,-3.0806518694699943,1.594197407751244,19.723852744131833
35.0,-2.986122456624124,1.5918578129451908,20.35903328187104
36.0,-3.0167721504698735,1.619343947676135,18.398264492099024
37.0,-3.0654378482240845,1.5404969958730528,21.122212587642057
38.0,-2.864210770620958,1.6855466857877783,16.296041061292314
39.0,-3.0690581231036598,1.5956586470278142,18.827630725449175
40.0,-2.8656651277434477,1.5858917840135227,20.09371868860215
41.0,-3.054753047740715,1.536165647896417,23.413762723697488
42.0,-2.9482014493135207,1.634607043526628,20.356567300365384
43.0,-2.936431150146234,1.5469370789364332,21.536482066532123
44.0,-2.9313103486802348,1.6171184885869208,18.160846867026386
45.0,-3.0008549277089287,1.6036261606217956,20.41694041555998
46.0,-3.0399096695036687,1.5045990072892672,21.57558263591079
47.0,-3.0750624798243984,1.551031843886115,21.712789181619506
48.0,-3.035169165221337,1.5108432447377251,22.87050567251474
49.0,-2.9121083649365254,1.5381334208309903,21.192589794332292
50.0,-2.897804968480849,1.5844559605142265,19.80119465425868
51.0,-3.035031544550246,1.643853190844689,16.82050152676285
52.0,-2.9802217757493352,1.548946926899987,20.809478085379844
53.0,-2.9531583035043707,1.557901930354498,20.992892350251957
54.0,-3.1346530245989865,1.5427587130889449,21.253598193005605
55.0,-3.0925339868180473,1.6005027290318807,18.63865987453282
56.0,-2.875566309608872,1.5677254838265475,20.39712231818321
57.0,-3.003890225929581,1.53426931060295,21.118562635184155
58.0,-2.878244919986836,1.586556853033616,18.375978098782245
59.0,-2.955036731831745,1.5140842413113198,22.02651413792184
60.0,-3.0080619536318487,1.628414945011822,18.99974024035123
61.0,-3.0369915903293156,1.598185943038865,19.57563293491844
62.0,-3.021057426943163,1.5954603699094232,20.33402880643516
63.0,-2.9552413608358563,1.6211650419662753,17.86669715875735
64.0,-2.9149879069739635,1.5957841302488014,19.427892933684063
65.0,-2.933850095561033,1.5130996053517087,23.021128594362693
66.0,-2.999997976571435,1.583675078575791,21.379616045366337
67.0,-3.005939801548249,1.578902376881603,20.76857542008679
68.0,-3.140567543200334,1.5105412400963445,21.88604147633928
69.0,-2.8531693153261335,1.661543964473187,16.37013714435925
70.0,-2.9639796103865805,1.639436987572343,17.642148493297864
71.0,-2.9718390783925184,1.6027816828078942,18.02101343851382
72.0,-2.9665926950003403,1.6382701440621688,18.413802951179534
73.0,-2.945406388471829,1.5974780434610578,19.237141668962686
74.0,-3.0129459921100894,1.6163222911472488,19.194464636855905
75.0,-2.901390983286263,1.5695124204744908,19.194547938880195
76.0,-2.975785060188434,1.6018774249108259,18.364409255043803
77.0,-2.853883986685392,1.636716824964256,16.546295177886652
78.0,-2.914553611049952,1.5825431767272147,20.062025022872568
79.0,-2.9405550777233573,1.5542453983065578,20.63382213543423
80.0,-3.1067349860773583,1.570845007843817,20.56408043185077
81.0,-2.949806581364589,1.506030135083794,23.184163565769982
82.0,-2.850030229463761,1.5124263625217909,22.696995789214327
83.0,-2.9566940373461357,1.5147926386462616,23.172146494617856
84.0,-2.9017080589295405,1.6464334260481686,17.371428274307945
85.0,-3.054051424679656,1.514820131248235,21.224004966506953
86.0,-3.0163552785769197,1.5011490572590218,22.215777992560405
87.0,-3.048461910151538,1.5586509708641056,21.141532741100264
88.0,-3.020624828226734,1.5771872572339856,19.054494489971564
89.0,-2.8830442016001934,1.5866119737122564,17.959383083134966
90.0,-3.059675029055337,1.6048540472901076,18.672271592725938
91.0,-3.0655221484570276,1.6628480053726964,16.490874054558283
92.0,-2.9256641738182267,1.5531049945436788,20.267284587072485
93.0,-2.963283637703686,1.576040045807869,19.997655604381805
94.0,-3.129480488783196,1.5401738713039688,21.35110304938131
95.0,-2.9191004977861703,1.5841459551522459,19.100993959559116
96.0,-2.8436886938757024,1.5522927444264945,21.880158009978594
97.0,-2.977612734948422,1.5504073131892764,22.815526357663305
98.0,-2.984938077271178,1.5620739278479547,19.315060992601182
99.0,-3.0405988797793198,1.5357145157010692,22.97110473546279
100.0,-3.0106415314533734,1.5666957619406179,19.947902737642274
101.0,-3.1371578243316804,1.5769138803395324,19.301426608972392
102.0,-3.0358073249056923,1.5745001137707164,19.813693923259187
103.0,-2.861048767534753,1.5384152791057322,20.55407963394678
104.0,-3.0996175582114383,1.5307627829146258,21.717310403157292
105.0,-3.0000602983240623,1.5643354069329796,21.134864351547563
106.0,-3.1080368640514635,1.6405867114366899,18.01538261741793
107.0,-2.790934754997825,1.5358155366730357,21.617931261166124
108.0,-3.1266591153177137,1.6035015361266265,18.097980716134245
109.0,-3.012618163474722,1.4915022621197078,22.71432804358364
110.0,-2.851558475586727,1.5385479346062403,21.1851165308199
111.0,-2.976668783894269,1.5149995246611447,20.402836068083058
112.0,-3.0211348828825386,1.5287298412552563,23.77446119189362
113.0,-2.9428762582266423,1.5189590641072466,21.06916007426199
114.0,-2.8237089878926556,1.5368452575179838,20.914163084666313
115.0,-2.983804767966611,1.5272558120912472,22.506582234260183
116.0,-3.0067461000592837,1.5524545097111386,21.92451453821576
117.0,-2.9852881027375475,1.5572896443676916,21.134551406649248
118.0,-2.9595824360259924,1.563131496522193,20.663145245171272
119.0,-2.936417299871814,1.5182844625553549,22.78056261196635
120.0,-3.0355961379226497,1.703978590091174,14.448021352645101
121.0,-3.062313822627944,1.5402591030609045,22.229231969799233
122.0,-2.806859151916422,1.5169137501172396,21.86384547270086
123.0,-2.8792809493165867,1.5211012493025384,21.355453594163812
124.0,-3.0432256915750213,1.7181007640973587,14.759768469961983
125.0,-2.8986517304941293,1.600782708957781,18.88418757710396
126.0,-3.06428383754975,1.5896929759020282,17.310691617056825
127.0,-3.150955674253748,1.5952857274344234,19.78031697217819
128.0,-2.7531843302912784,1.5417396931955454,22.980102438026567
129.0,-2.8160104393714396,1.5313055883572764,21.66495863765278
130.0,-3.006982932273747,1.6656436391084857,17.653202719128462
131.0,-2.903400744049925,1.7215499742533498,15.477065979176993
132.0,-3.0913089428922946,1.6111502687707695,17.459220020628266
133.0,-3.1259207123514807,1.540103504517867,21.23573781707175
134.0,-2.8196204998486274,1.5717346619883759,19.39503328129722
135.0,-3.0588310747344787,1.5647696472402166,19.591106864840505
136.0,-2.9648416641510384,1.7330269970029746,14.78412019234346
137.0,-2.907986901959742,1.5673104545368608,19.931702244806747
138.0,-2.980709416886665,1.608042471672786,18.7682143272781
139.0,-3.1404214969688313,1.5588586513916,20.538827627342524
140.0,-3.0435265792561275,1.5293906645766233,22.56391545165974
141.0,-2.8835030009651454,1.5738936797128789,21.02896565553053
142.0,-2.9545303468539204,1.6257898336275862,17.107144717025964
143.0,-3.092710781783393,1.6549335227921178,16.6570306741787
144.0,-2.996993545675152,1.5857290269217927,19.66921248732156
145.0,-3.0437743424522155,1.5218612524115742,21.065462372473906
146.0,-3.0280701443001625,1.5267827274062713,22.00651412911376
147.0,-2.935698780420742,1.5855326396885094,20.489218939182074
148.0,-2.988533461713786,1.572130355994445,19.856688298095442
149.0,-2.8267958691608563,1.6355231223083966,19.021323503210926
150.0,-2.844226991164011,1.6153351943134027,18.74943382459684
151.0,-2.9821620979295673,1.5193617200258847,21.099979528935105
152.0,-2.957222494288918,1.5626254167682225,20.136697279269033
153.0,-3.0736615961959437,1.5462208156235335,22.795032168160617
154.0,-2.844974209073822,1.536846021784163,22.465082878816297
155.0,-3.1282640062015403,1.5952112645439254,18.09387761009251
156.0,-3.0866227018983565,1.5470775957013496,22.42094601808231
157.0,-3.0158638921971272,1.607585310927338,19.403229107508842
158.0,-2.8647260863619843,1.865928418361109,11.730436738477318
159.0,-2.917700374119125,1.5558151769289301,19.926194921648566
160.0,-3.0721476129035854,1.5747890379108889,19.98416648950866
161.0,-3.053410631314817,1.6165210129634418,19.38032623983044
162.0,-2.9271184197190045,1.5383872119082114,21.57002735076216
163.0,-2.9615630210573873,1.5960209771307696,18.44523044940982
164.0,-3.024744551137567,1.542651065710619,22.72964208082624
165.0,-2.904856166601186,1.5334379156271558,22.497557406432634
166.0,-2.936224917427803,1.6601503385184089,17.072188385920807
167.0,-2.8191229077951263,1.5002256001314886,22.197417308438034
168.0,-3.0086741707642677,1.5859113334234378,20.756032683413807
169.0,-2.801262795302735,1.5196023542112447,20.887236942657232
170.0,-3.0336189505276616,1.5839956722919688,18.283929188247228
171.0,-2.884860776573313,1.5793126574208043,21.333607614265453
172.0,-3.0404496306221853,1.5874959518860248,18.779922386562177
173.0,-2.892979316700365,1.5804351569711834,19.827468114682027
174.0,-2.8563495948723365,1.5754717364185615,20.67888191518783
175.0,-2.942161407130512,1.517559510265789,22.23865564993178
176.0,-3.0183028453092087,1.58758844690881,19.37206619887283
177.0,-3.124759862592933,1.5862763503863526,19.169653374483218
178.0,-3.0697436954507133,1.5568320176354011,19.968923147400396
179.0,-2.9517025070391547,1.6333100470076438,16.81954422626733
180.0,-3.1028119837005663,1.5846021788678126,19.84399112220307
181.0,-2.9633287599087987,1.5558622337062726,20.44861872693753
182.0,-2.9291965882389395,1.5001297725649523,24.328765171122647
183.0,-2.964327858712071,1.5876947737797167,19.248301667257905
184.0,-2.9137307999951556,1.6343970251709685,17.793852457144034
185.0,-2.888700870699915,1.5242641784169453,21.51901632680172
186.0,-3.038073333656098,1.5738050031842035,19.112545289608107
187.0,-2.9569828557510327,1.5406505560436932,22.771164967962136
188.0,-2.9998670812293,1.5028683818138444,21.5778096890742
189.0,-3.0044225893190593,1.5474634081132788,21.229856322703263
190.0,-2.9110357130885203,1.5337279002540884,21.425161796221623
191.0,-3.010469909484331,1.539987868307625,20.033815642021544
192.0,-2.8403470286299624,1.56154220465945,21.63192082579666
193.0,-2.9854318350367297,1.6565113233661846,17.292383125751304
194.0,-3.013010567426382,1.640683099335254,17.220872527992753
195.0,-2.9769692852494583,1.504550048731407,22.714901611875995
196.0,-2.9052828657636436,1.6002745463196126,18.66856788688662
197.0,-2.9378541657383317,1.5797855489034713,21.622200019813597
198.0,-2.871129224443255,1.5546462457395065,21.177822165428033
199.0,-3.006518820763143,1.8167609094198938,12.191117684743121
200.0,-2.8653480539127703,1.5812888766320894,19.72218953478243
201.0,-2.9399366557263846,1.4917515757889892,22.164477606368315
202.0,-2.991151429332556,1.618358240339275,18.71138449653658
203.0,-2.9574424802081216,1.56832448693913,19.05976604324234
204.0,-3.0035294282803346,1.5073305015630374,21.96432926050793
205.0,-2.830248740872367,1.5509548074927546,20.391696595625465
206.0,-2.95028246218384,1.5265089047860414,21.341442331154298
207.0,-3.041867401736006,1.5236720090877445,21.903748698641124
208.0,-2.8757713146571633,1.5304424514041521,21.931191959688732
209.0,-2.9664111910603195,1.5968790054853002,20.22163898103623
210.0,-2.998735663515076,1.7286884582092465,14.587102533135928
211.0,-3.0480754054134334,1.5357773584472514,21.277602688340437
212.0,-2.8579895759549148,1.556267316745727,21.63289886402592
213.0,-2.9355759885866686,1.5429985763151937,19.61849496556146
214.0,-3.0637874623466397,1.5317198480157703,22.790823343324178
215.0,-2.8865030876684408,1.6553710911946755,16.73255997918132
216.0,-2.9757097488294555,1.5928290099761988,20.274245958717707
217.0,-3.189372389101964,1.5427912976483855,20.214249210952367
218.0,-3.118813253722504,1.641945764639439,16.78314580009757
219.0,-3.170596886665218,1.5831658674269833,18.387734190924053
220.0,-2.861998723570503,1.5648421305002884,19.11624939721185
221.0,-2.9735084185785134,1.5208574897368181,21.38884052544501
222.0,-2.9431420491119527,1.5112584310253194,22.793580539075236
223.0,-2.9523736450775253,1.5606432000039385,20.913191262564915
224.0,-2.9006193720274127,1.567686323892672,20.965294341009475
225.0,-2.9730024775361774,1.6149628420811528,19.727023556622022
226.0,-2.998845536574337,1.6304133372313636,19.154666890690795
227.0,-3.022140950227389,1.5281595090586972,21.721852901287207
228.0,-3.12207526221935,1.596794499229036,18.458032489626945
229.0,-3.0939799694968166,1.5091084924979565,22.556313114447995
230.0,-3.007100241184234,1.631655945693415,18.427632285045334
231.0,-2.8981884781871647,1.584141027560489,21.032525366699353
232.0,-2.82041984548156,1.6594692394263015,16.601717425870707
233.0,-2.9944682796008246,1.5026497091722608,22.883490663826862
234.0,-2.9603718478164414,1.6063532096449509,19.105388784040628
235.0,-3.16101606917443,1.6005990240429822,18.880156177012005
236.0,-3.1168792059771278,1.5630211129198046,19.677394770730345
237.0,-2.9812252350962134,1.5231383238278573,21.5292062299624
238.0,-2.9651216280464205,1.5804991715051167,19.457682392403846
239.0,-3.000240131599374,1.5356429307593402,21.92629838440057
240.0,-2.990514918945686,1.5574946252967454,19.237038991462178
241.0,-3.080515241016091,1.517757081713384,22.5527047011846
242.0,-3.0007871589865265,1.5660533471119855,19.063293028922608
243.0,-2.961013983874791,1.765936549951329,14.112423172718692
244.0,-2.8962674898187135,1.6047480287074904,18.289959381793974
245.0,-3.062391335138371,1.6355004223831404,17.685725104332505
246.0,-2.90677049199643,1.5648169446594598,21.20703969490986
247.0,-2.894235386574433,1.542007341092726,20.3250244144924
248.0,-3.0261488763348674,1.5017853497975127,21.92643613192229
249.0,-2.9103594641963917,1.6552133318384943,16.01302753187469
250.0,-2.946252113058816,1.6038791492504854,18.639564074783376
251.0,-3.0757411063284743,1.680374084293144,14.824683457557796
252.0,-2.9688329664577724,1.6494416400037988,15.93863469610944
253.0,-2.8530849397217484,1.6442229014580676,18.046229189030857
254.0,-2.931626213162396,1.5595389001823636,22.17625927418702
255.0,-2.8846581540489353,1.5397015555379099,21.293898882933505
256.0,-2.7793989108597867,1.6411290459691785,16.88942385406158
257.0,-2.968564837876569,1.5223178087031375,22.453952854756054
258.0,-2.8635224793918015,1.6731817610843012,16.558140738740896
259.0,-2.982310058068544,1.6278644274143867,17.775492160731027
260.0,-3.0682419798421785,1.605969793997833,18.581500744380296
261.0,-2.9595790526586314,1.5296833891033395,22.953948392466657
262.0,-2.8187363431939567,1.6210843369787837,17.108595698288884
263.0,-2.7792343832345776,1.6235186156318453,17.891301023267765
264.0,-2.9346129535172993,1.6868211023085742,16.589691780891684
265.0,-2.953264584011081,1.588451929658694,19.72880090089424
266.0,-2.993373303286376,1.5671257652265487,19.44131554568394
267.0,-2.9471266012773496,1.5459929397193304,20.676363314072113
268.0,-3.009910751409072,1.5796757612357775,18.750293601300044
269.0,-2.905130909435331,1.514578142578211,21.53484338592395
270.0,-2.853545695194356,1.5919667794394066,18.74155952102037
271.0,-3.0850455541977078,1.5516533808129627,21.861326784551256
272.0,-2.8686822961157024,1.5678943204321396,18.33248067057679
273.0,-2.762202553909708,1.7151157454533532,14.215159478035307
274.0,-3.0719755495374983,1.4924131339337814,22.336869442105694
275.0,-3.0173596367269586,1.5859086213422908,19.139136712503944
276.0,-3.1181887550556704,1.655326131728333,16.051722362822833
277.0,-3.02284167129113,1.5095531021635218,22.87835196594411
278.0,-2.935387409211851,1.5500175966751066,21.46035943191007
279.0,-2.9213436135960755,1.5701096798743754,22.094846631334196
280.0,-2.9281116392639,1.5729842646265926,20.29009488896976
281.0,-2.9612617741499556,1.5434691909892186,21.366173679606064
282.0,-2.9107236401216547,1.5810649297956019,18.854366141055156
283.0,-3.1021956087584375,1.6711116151602607,15.886518414722303
284.0,-3.121895559990276,1.5979791183539533,19.162561173667036
285.0,-2.844073674946708,1.5012773305071527,23.366767310066663
286.0,-2.9270555107451965,1.5441594258205034,21.618868212240294
287.0,-2.9977473395217142,1.5964822510788905,18.303762287190498
288.0,-2.874591376075826,1.5933319947149418,20.108639487420234
289.0,-2.9846150868737187,1.6473868739996074,17.357955409104456
290.0,-2.936314186764337,1.565212651820842,20.188607901274345
291.0,-3.05298722579909,1.5230557416878185,22.905267198609625
292.0,-2.9971599859368583,1.5668595545934079,20.647420084566434
293.0,-2.8703378933997143,1.6331280650094318,17.464498461972994
294.0,-3.045531784218885,1.5804069701826404,20.25068428730905
295.0,-2.860013080208277,1.5918312902702099,18.11989304532576
296.0,-3.0727624912308293,1.5523054125325308,19.58365159996498
297.0,-3.033746162057552,1.5834593366815164,20.51481573986234
298.0,-2.9989292005994117,1.5958486345631244,18.729147461184375
299.0,-3.043296586441083,1.5362692103724491,21.318287578223792
300.0,-2.9307094286803768,1.5632879699664164,20.350328433037042
301.0,-3.0636899256143293,1.6485952518107,16.681305608295407
302.0,-2.9881778358173046,1.586185278233478,18.26139840009965
303.0,-3.084096546841574,1.632046621460466,17.575138448734833
304.0,-2.8903077288793106,1.536823546720218,21.324565514616683
305.0,-2.7841510478280562,1.5252989641714954,20.984484968459828
306.0,-3.025017231757797,1.5841604809231682,17.675881612262575
307.0,-3.0424584078342933,1.5792041400567607,20.056242040293043
308.0,-2.9629191329983016,1.5581070333978908,20.454539853233292
309.0,-2.993115455127614,1.5427266707833804,20.959761010656738
310.0,-2.9658317455941736,1.5785673747325293,19.22946308960626
311.0,-2.825001644742008,1.5363983748678964,21.367461004772103
312.0,-2.9462803946493965,1.5252414124382583,20.85403002776529
313.0,-3.0288077624996257,1.5949633266388403,20.4237931437427
314.0,-2.9456455851966705,1.4901757847071337,22.88253266457894
315.0,-2.948030793279245,1.915006158639713,10.717571238393482
316.0,-2.8826569793828805,1.5710637645796806,20.529503259726834
317.0,-3.0607489250527036,1.5101261106603587,23.781453693530445
318.0,-2.994542549459516,1.5690636829899938,20.71750979815362
319.0,-2.9930194075250793,1.5772144920986944,19.2457683109014
320.0,-2.9391983916522553,1.5476030248599009,21.463053994493585
321.0,-2.8823960837147498,1.5924098451345348,19.92092844815933
322.0,-3.049984160468121,1.6098282359220533,20.320564281945455
323.0,-2.9984802748729433,1.5902630243569267,19.28651223393178
324.0,-3.0388867370917527,1.5386511347463716,22.371747235178095
325.0,-2.9561489644372974,1.705972996654148,15.100891373685318
326.0,-2.9774382811240434,1.6056687553032711,19.709497046826172
327.0,-2.999827577473667,1.6236245219589034,17.008285438503524
328.0,-2.954213813006983,1.527255460268104,23.19003715155022
329.0,-2.966858024363958,1.553535075340632,21.30428934401207
330.0,-2.8715754469389267,1.5552360295896215,22.305547938637517
331.0,-2.828558084900508,1.53360679129038,23.133242798923845
332.0,-3.0295648273135907,1.531668374546616,20.400380439897603
333.0,-2.894274557919946,1.5441313387393794,20.82594860847578
334.0,-3.0361259793896633,1.5801570823450013,18.897974417453668
335.0,-2.894445270418685,1.5476934049926379,21.24714469422082
336.0,-3.0549411787544174,1.530003306339983,22.7729435101107
337.0,-2.9838645429901076,1.638514359439844,17.36734874834868
338.0,-2.967444682379723,1.5944239191810363,18.77477987109694
339.0,-2.9241241745323547,1.531824222908374,23.428708369924472
340.0,-2.9638205716632076,1.510436618958628,22.7788734139396
341.0,-2.953437172741549,1.6215012010178729,17.083760548762147
342.0,-2.9754680835571996,1.6118661789237425,19.448084737626036
343.0,-3.0501965806465536,1.5880310976227652,20.162780919140815
344.0,-2.982121566213425,1.5402053592813276,20.87654517289979
345.0,-2.979188029843839,1.5568782812301027,19.81772507749887
346.0,-2.9845310714683615,1.477749501453824,22.785658928506713
347.0,-2.846611025190164,1.545443627279049,23.056566246511245
348.0,-2.911649655659616,1.650904249693936,17.711530627753035
349.0,-2.924160966424342,1.5837167601917361,20.18183402870965
350.0,-3.0055649092802423,1.6033187186967468,18.698532777274128
351.0,-2.99337612608432,1.5717764375286412,20.43712740904269
352.0,-2.990013333908408,1.5461911099083392,20.54724166623166
353.0,-3.0308720334856702,1.5647377924522543,20.688188692202957
354.0,-2.978174191912958,1.5242963406281107,22.035577823003425
355.0,-3.184837420414776,1.7189204087678818,14.734794658478572
356.0,-2.9623140483799215,1.5604141354536503,19.54616172420656
357.0,-2.9961026246486986,1.5368888691348368,21.685410239350453
358.0,-2.923510200495999,1.5501136566713885,21.72351125716544
359.0,-2.976916120851698,1.505355440735777,22.505650820744755
360.0,-2.993140900873277,1.5809465735669666,21.138027825171992
361.0,-3.008171007056478,1.5520131230730811,20.3526439016727
362.0,-3.0583000945963725,1.6076799029410873,17.68715483692312
363.0,-2.9187310539687195,1.556270741930166,20.14222504103359
364.0,-2.921604110304469,1.575185871053046,20.22586872044908
365.0,-3.0718584713733073,1.701947738254292,15.17307902157917
366.0,-3.023982941533618,1.6288474226617726,17.1651918818241
367.0,-2.8930240099221125,1.6053083799947472,17.722050543284425
368.0,-2.9456102897158223,1.6026526436198485,19.291341133072063
369.0,-2.9950851668569953,1.5548996336999947,22.19285644090967
370.0,-2.967437383993176,1.5489684889488626,19.964083183347675
371.0,-2.9708593483764476,1.5694547043098828,20.829560440995525
372.0,-2.9213603198556126,1.5102157363369673,21.98082662324215
373.0,-3.2546235984400895,1.5797561827299416,20.380842672047596
374.0,-2.8447757211322333,1.5497127785965965,19.937929681837538
375.0,-2.8957113442622497,1.5374850235398512,20.248245399563366
376.0,-2.896678507627052,1.5816715756487423,19.792857361665938
377.0,-2.8909868561734684,1.5811390166697596,19.40973740631192
378.0,-3.0644989890045395,1.6383846339092154,16.97099747249179
379.0,-3.238783264196538,1.552901995526953,21.24330716342948
380.0,-2.83873820146088,1.7130012829368957,14.363993207989928
381.0,-2.8621721959566155,1.6624647567455615,16.403808978267428
382.0,-2.897528013699143,1.5597576287956803,19.813512764693087
383.0,-2.922747201967335,1.6684541106235216,16.11866062190865
384.0,-3.0032495959456167,1.5188254972703654,21.896808669734696
385.0,-2.79920363190024,1.5810884702880919,19.873914096842018
386.0,-2.8600623828034513,1.5471642654609092,20.78130786847158
387.0,-3.1159691733887844,1.6637231527900962,16.726335512546886
388.0,-3.003462843361803,1.5318002631352006,21.901765464236025
389.0,-2.948075087489628,1.5263197623603149,22.477361711806953
390.0,-2.8961585121610387,1.571038215754315,20.66959774806497
391.0,-2.9039926049190834,1.5550745971762343,20.08433577841221
392.0,-3.10074939400348,1.523610467429919,20.562431772944894
393.0,-3.024185009149479,1.5929756010255194,18.027430105008293
394.0,-3.0846295823845638,1.61069181952529,18.542133442771764
395.0,-2.852368801484901,1.527057656987748,22.519413469308375
396.0,-3.067271743550596,1.6165623259217816,18.955212161401743
397.0,-2.95889574703006,1.6619880456226712,15.544544976801598
398.0,-2.981407871553011,1.5480954949087242,19.121822650875828
399.0,-2.9157803670446705,1.5419539146841406,20.061204564784873
400.0,-3.1235249494058626,1.5826658369525126,19.83586551507
401.0,-2.9629975893424394,1.5634517725652217,20.18794686945141
402.0,-2.858862833006752,1.572605416124146,20.123451575814777
403.0,-2.970438907853769,1.5286397471033066,21.833626881406992
404.0,-3.073803863071457,1.6335267700281082,18.48809092346562
405.0,-2.963423047272745,1.5962720904409287,19.595165032274416
406.0,-3.0090546393724855,1.5813777382500587,19.363203982801682
407.0,-2.9952597270602177,1.5359212121617718,21.27648174712062
408.0,-2.797967533020337,1.588215707131965,19.330884983197443
409.0,-2.9995987579736423,1.501201703676037,22.807409082028265
410.0,-2.973340770002796,1.5527059224039301,19.646335389422187
411.0,-2.945817250670107,1.5592242187621772,21.625727993910203
412.0,-2.8116664244380196,1.6054615846133675,19.101308349639957
413.0,-3.2583419767387136,1.552597637060534,20.695740477170823
414.0,-3.0742879689407028,1.557154384045499,21.82646998471042
415.0,-2.9320910455994005,1.5419362548408047,19.846352475262083
416.0,-3.028075936787471,1.632082569584201,17.038475406382517
417.0,-2.9450213351211,1.5413473485602787,19.45106216850221
418.0,-3.107281022345698,1.5131251380995887,22.032038308790238
419.0,-2.9166821153278706,1.5580968789874006,20.62537221681005
420.0,-2.988591738840488,1.581633833595736,19.151121554910976
421.0,-2.829655433125783,1.5662820435394362,20.839862194225596
422.0,-2.9133778954208243,1.5286264384539694,22.817291921630876
423.0,-2.932496617799638,1.6557202115468135,16.940244799065695
424.0,-2.9644251860001134,1.554577724139204,20.586257558952504
425.0,-2.9696461800430383,1.558222755985046,21.349146099858075
426.0,-2.8488493402392607,1.5932516845889801,19.064613120899324
427.0,-2.938138446152916,1.5465661439466474,21.24925857085366
428.0,-2.859295669257352,1.5273912521497028,20.9942464693332
429.0,-3.1018266380939434,1.5686256308491138,20.097852719029497
430.0,-2.810323148794035,1.6246950135227407,17.856331929765226
431.0,-3.0234364547858825,1.5783336181072847,19.27946651509031
432.0,-2.8570607560481656,1.5493087894349094,21.179982291457545
433.0,-2.9900532064818326,1.5994286636673025,18.184325475981755
434.0,-2.920793188262757,1.5243437050484059,21.65019741660305
435.0,-2.9560607842863966,1.5301252784472732,22.75803590896124
436.0,-2.917796042952457,1.5660617710906206,22.05821592404505
437.0,-2.8024522818010063,1.529086162917816,21.41381356484151
438.0,-3.073937197326862,1.526288881011367,22.67783631887839
439.0,-3.0408940872343004,1.7413137560276528,14.344870001748298
440.0,-3.0690857120999167,1.5731743298274594,19.352147371526605
441.0,-2.983396320117514,1.5529318914715262,21.670138933534986
442.0,-3.049963351268868,1.5853294961561324,18.85898453581104
443.0,-3.0428637269909378,1.8749768911420985,11.392906857233129
444.0,-2.8391553307689787,1.6692190143668388,17.547811369570116
445.0,-2.9697777612242917,1.5376758958661825,20.534897250229147
446.0,-2.878404690523549,1.5648123194713908,19.90003866639062
447.0,-3.036185813286148,1.5679120711847725,19.096445908368022
448.0,-2.935732800637134,1.6370365188869702,17.220413052417996
449.0,-3.050293128038412,1.520509989642699,21.820259757175524
450.0,-3.092096999220937,1.5157419202161093,22.96816640968355
451.0,-3.0352654901306106,1.5244218026996121,21.91250324710039
452.0,-3.107385462225042,1.6967160942701236,15.805887686102508
453.0,-2.958693403560912,1.6122580374360684,18.325327271837477
454.0,-2.859268786875546,1.5688761193766667,19.38033385978365
455.0,-3.027080685948981,1.5226824082384685,22.688649904862373
456.0,-2.9906398762294826,1.6053511701921572,19.51380917567744
457.0,-3.034226363187483,1.585834952392973,20.742773177542
458.0,-2.8199732768450283,1.5199883970476407,21.259931661564195
459.0,-3.005233250014969,1.6371775279829874,16.804379424988866
460.0,-2.9524757136993482,1.55375686460601,22.467768446157137
461.0,-2.8387332019523877,1.526977388561443,21.543453137847116
462.0,-2.8395159605344498,1.6952145509110017,16.356010562823073
463.0,-2.9750911055583793,1.5478217930653337,20.95089222950841
464.0,-2.943715414596003,1.5549907150452853,21.805083362993333
465.0,-2.9973907512142177,1.5404890633354986,21.201232727078033
466.0,-2.924954866178024,1.5184885821057947,22.761969045900457
467.0,-3.022307117566985,1.5320912195662397,20.858056734995202
468.0,-3.184338923762155,1.5452598492061052,20.283620236753706
469.0,-3.0580158887548596,1.4926623580256564,24.24802700757555
470.0,-2.9557226985989287,1.557428302180654,19.210230660299366
471.0,-3.1221264036314462,1.56413724135761,19.778692436224066
472.0,-3.063685220054122,1.5466749111093012,20.54951815286592
473.0,-2.8443279481252466,1.6871626488928442,15.051437938269459
474.0,-3.096562024712476,1.5486181394728686,21.40277733789249
475.0,-2.7997485825239252,1.5362444347386728,21.21479669524084
476.0,-3.103331695672215,1.5806608832349938,21.308072552541415
477.0,-3.1860329578675417,1.5956241959899864,17.358442334558465
478.0,-2.9413591531103465,1.609531367162717,18.695192711260677
479.0,-2.909225421221053,1.5839206785572375,19.831227513975385
480.0,-3.0159301462034307,1.5347981802721762,21.294133440522778
481.0,-2.983026623363156,1.713680527948263,14.219445188419707
482.0,-2.9059512469813384,1.5791108996018837,20.426738677821163
483.0,-3.0618905040399325,1.523669485515867,24.07642339120637
484.0,-2.8697663360092993,1.551940012756285,21.690223426983454
485.0,-3.0136759688590242,1.6335616075501422,18.37097596751086
486.0,-3.1005963238944543,1.5678375857985325,19.628929316127966
487.0,-3.1755838999317967,1.5679454570986313,20.15257568076828
488.0,-3.0192090793990127,1.6053112914718497,19.311226630136197
489.0,-3.2806530088304795,1.581129984772332,19.64365136780727
490.0,-3.104066866208357,1.6186922536022914,19.827936946420895
491.0,-2.8734179133882956,1.48753152999174,22.527305356537966
492.0,-2.9864024273234975,1.5680936681939266,18.321948959401887
493.0,-2.9499536906617623,1.6527967073079242,17.92578253865408
494.0,-2.931768090265143,1.650994489012299,17.34483953427697
495.0,-3.0659824740599544,1.56305327244724,20.351355088434364
496.0,-2.9782870514209865,1.5639914325142332,20.367841144564913
497.0,-3.0777037437823145,1.5125446080730882,21.364245006053473
498.0,-2.9598943279163956,1.4914700367018354,21.874000285156235
499.0,-3.1086944442037248,1.6936142626877715,14.618286295127144
500.0,-2.9761689735080212,1.545534480572629,21.19429470052214
501.0,-3.021735409256016,1.5835010417390143,19.031290460835685
502.0,-2.9938301886190084,1.62208393456427,18.671444977147537
503.0,-2.824931748247936,1.529771816591678,21.312747425963884
504.0,-2.979493113929785,1.5364811923115749,21.751806333271137
505.0,-2.9573304477741975,1.5450267839069758,21.487621373520046
506.0,-3.010877542699564,1.573711898619503,20.440356580669192
507.0,-2.98961334871682,1.5587111973910759,20.92786337110805
508.0,-2.8890304539543274,1.5103435041081128,21.26131855001425
509.0,-2.9038498516366134,1.5388769275827319,21.618819752441738
510.0,-3.0045138705909564,1.534072416105312,21.652033910232298
511.0,-2.8468383664759864,1.5582711158377376,21.326284957831778
512.0,-3.1476966016998227,1.5900834755557502,18.990398868601613
513.0,-3.0431266134906387,1.5534591436717413,19.67810932151682
514.0,-3.019288893841557,1.5205660960751932,20.922423125646663
515.0,-3.0114772150419524,1.5006017708420076,21.88589502240408
516.0,-3.0662220217297134,1.5752106065337712,21.589299350231187
517.0,-2.9326784867588196,1.5489716679816627,19.663829682048394
518.0,-3.0327049161051445,1.5069373919777491,21.2243182698927
519.0,-2.9693260693651937,1.594659538915143,18.39928615241825
520.0,-2.990788558309234,1.528169461016627,21.67290527695477
521.0,-2.9710023179665535,1.5665255947400625,22.31822534254197
522.0,-2.856514851195236,1.544923433742173,21.13028172515263
523.0,-2.912207204608605,1.554039978773527,20.399625807008892
524.0,-2.9861916048723813,1.5688696062495602,20.950953179574988
525.0,-3.093034995074773,1.5593145258613952,19.529343950264643
526.0,-3.00161174558379,1.547134839162411,21.32261249860229
527.0,-2.9228837992213155,1.600481010464002,18.988537681297345
528.0,-3.0068464920863804,1.5492255495198988,20.98022935988194
529.0,-3.0393534139960616,1.5922089820401695,19.149269074594557
530.0,-3.0538301785143696,1.5159753024830123,21.618182667173443
531.0,-2.9086058825926497,1.5421096708721618,20.854328469590826
532.0,-2.9583583411924304,1.5769085361424375,19.08031030611162
533.0,-2.706470798790325,1.5393909135978376,21.555693908759167
534.0,-2.9982213435785328,1.5502920433260412,20.596174368295006
535.0,-3.0742038843096964,1.5449421483706889,22.305153687023466
536.0,-2.961040603886807,1.5944076839822774,18.772401234972676
537.0,-3.116165408045602,1.6122367634477341,19.673667527389355
538.0,-2.9628451214894254,1.5338766525608263,21.931046953362248
539.0,-2.9807021261413347,1.5348828452724022,22.462675764852605
540.0,-2.894963512154134,1.5527852090699996,20.22596820932108
541.0,-2.937140055919597,1.54130243956787,21.270909170988805
542.0,-2.995594282902112,1.5393317656209071,22.49848121736725
543.0,-2.888996341333902,1.6777133234594945,16.02111096610857
544.0,-2.9187770889386737,1.489197328785089,22.036441034295994
545.0,-3.0733702288484563,1.554109823249193,20.9240931570731
546.0,-2.994204975715073,1.6281369008618785,17.542346809726887
547.0,-3.0110668157105884,1.6755272385257831,15.98690335242626
548.0,-2.886262899983553,1.539705659327415,19.906890278352336
549.0,-2.932923841421464,1.5168082033728478,22.912855931081225
550.0,-2.80498797722704,1.606598795443504,19.61389531117158
551.0,-2.9812448197521046,1.6288210118738704,18.977841972971817
552.0,-2.943144837940541,1.4966182219421058,22.04410834964488
553.0,-3.0054322065649703,1.5335055886041167,21.196570544324423
554.0,-2.828482586759103,1.6279244763177538,19.659634259746845
555.0,-3.071735472413208,1.5367325206212463,22.51637939189294
556.0,-3.0141375335158096,1.5648594266710323,21.35363862237185
557.0,-2.8896682082927563,1.558485591066948,20.647154390146568
558.0,-2.9202072769197125,1.6165003076626114,17.826236264956425
559.0,-3.097941556558693,1.5378095256803572,20.31341250236151
560.0,-3.024356731555427,1.6322532131471275,17.714455529069024
561.0,-2.9857194505392592,1.5311457660393446,21.42198599223737
562.0,-2.9550631175317617,1.5947518815199144,19.258900795468538
563.0,-3.1272184803235796,1.534346253180289,22.304416778803503
564.0,-3.0963030761668673,1.5837425093984163,18.779289566418342
565.0,-3.011707126708379,1.5055167316882265,22.032223133379546
566.0,-2.8870165897639213,1.5672225163860818,21.57234078846173
567.0,-3.061037318466295,1.5772020046853719,21.53097334509758
568.0,-2.9180586958450143,1.6051772016004917,19.97768955351979
569.0,-2.9230565816748943,1.6104393182784396,18.64693608581618
570.0,-2.999511713132288,1.5379505236690474,20.262653084052076
571.0,-3.0500955487943227,1.5793562779806696,20.049190280264177
572.0,-2.8659056493081367,1.5930685677214627,18.862226423915338
573.0,-2.965453495709849,1.557184689415328,22.265917428404087
574.0,-3.1285240500614955,1.570082954442845,20.777625217019683
575.0,-3.027021087422002,1.6138653941190997,19.40695156093907
576.0,-3.0161072704264975,1.546951831046485,20.86999820503495
577.0,-2.9062573454056477,1.5992946085555524,17.697527242825373
578.0,-3.0527174382269724,1.6785426811357056,15.919673111187203
579.0,-3.0910756702897637,1.4934769792066596,22.524090136267134
580.0,-3.027438014451607,1.5844772468395614,18.544895295704112
581.0,-2.9228256855773704,1.560393295212763,18.953313407226467
582.0,-2.8998340088706307,1.5384400790399344,21.15174440522938
583.0,-2.8931781022119845,1.5965817953336299,19.723360984707647
584.0,-2.9903622353406476,1.5131129822551355,21.944305487513184
585.0,-3.0201841829461324,1.55975123765851,19.96008179450965
586.0,-3.0511470021648965,1.6088332800103582,18.71115969761034
587.0,-3.040842641925445,1.6348288881949196,18.42782355832196
588.0,-2.9670306600817646,1.6700239562956876,17.23674859568432
589.0,-3.0213609401588988,1.6228518376909844,18.029611819735955
590.0,-2.810861669240232,1.5249305950453107,21.00052116084863
591.0,-3.0853752408666155,1.5507557428674184,22.188950844381512
592.0,-2.953535670438731,1.5831381615715134,18.36045179664896
593.0,-2.9963266815192675,1.5996565785370382,19.333014538241848
594.0,-2.854271336835572,1.4906076018975956,21.74704480325416
595.0,-2.909087717172968,1.574191678683932,19.86986153958094
596.0,-2.8967118613265948,1.6057920577993579,17.430730546003193
597.0,-2.7548149024049664,1.5842564557402614,20.62521783945187
598.0,-2.976218818501513,1.5415759827896345,22.708299718503554
599.0,-3.1063318783635463,1.5926285814334462,18.550316293678147
600.0,-2.9510460095772553,1.5497853014622,22.406759776296163
601.0,-2.887479267189061,1.57449011523252,20.34696282424916
602.0,-3.05332248550582,1.5144415350118887,21.98049225254462
603.0,-2.8739437670028907,1.6278594230286476,17.729768718629536
604.0,-2.8855261781764208,1.5885922438432474,20.337876542174556
605.0,-2.857499264701171,1.5408850453406437,21.554587053668257
606.0,-2.768408726545344,1.585392568065512,19.96750663792735
607.0,-2.8635654437539806,1.5695106638191572,18.787194094441492
608.0,-3.064924681275258,1.5433176785793448,21.51947870946218
609.0,-3.024607506241712,1.6019253137797294,18.85971441022093
610.0,-2.9493009394245804,1.5964210795663079,19.088459635429672
611.0,-2.911393146884214,1.5676849940956656,20.795653783348556
612.0,-3.049279643144852,1.6925877354401622,15.991556711659463
613.0,-2.9139435783063434,1.5118923373960063,22.76492769532043
614.0,-3.1780079374146784,1.5536228338813516,19.54776509348806
615.0,-3.063891714344943,1.4972369741766791,22.516516834747506
616.0,-3.085822874289577,1.5879688338277351,20.75321995095816
617.0,-3.1364881275628846,1.5573371758471108,20.676742482720076
618.0,-2.965993863834934,1.586323982836468,19.842845588606487
619.0,-2.888837713573054,1.5337000168514099,24.125059118758713
620.0,-2.7857339227484585,1.5572307254183664,21.238800036217683
621.0,-2.990096611064445,1.5517700207897072,21.842404752445546
622.0,-3.1431223118101874,1.5683414289443798,21.351499052310395
623.0,-3.144491237746198,1.5358390900790768,22.189519863089988
624.0,-3.001898369575111,1.6226085870795468,20.221041735879897
625.0,-2.9055817489792024,1.5463775518523901,21.590930822202186
626.0,-3.0787532338333734,1.5486119663777491,19.316079906881058
627.0,-3.0630614084805345,1.523785760504866,21.66210861819078
628.0,-2.9159189116430757,1.579604046090344,20.653926985632825
629.0,-3.0188577549278923,1.5311214274976743,21.66902598378936
630.0,-2.8412240874060686,1.5608992356966314,20.79450444669469
631.0,-2.8431805421866057,1.6904838245483726,15.787616180445916
632.0,-2.8757640839728857,1.5252865579260404,20.909172952319615
633.0,-2.9002792645187996,1.5520305133337244,20.36403777418925
634.0,-3.029101774234002,1.6663348821182558,16.947042907327585
635.0,-2.9721371828581296,1.5397708392849698,19.97760649612168
636.0,-3.0131341668909126,1.4944609511177553,21.160930366262264
637.0,-2.923960616623262,1.5925201995064964,18.843577264650307
638.0,-3.037191726164171,1.5090963565609121,23.602382264445225
639.0,-2.9226065616274455,1.6298081171424088,16.41025975703043
640.0,-2.9516879556713507,1.5478269304283476,20.84065056198144
641.0,-2.9727641088644887,1.5756247719806376,18.85993393914936
642.0,-2.846367726968085,1.6388286616548369,17.374699702967714
643.0,-2.9440860876264496,1.5418258578262751,22.265452792226004
644.0,-2.991117779967073,1.5658360822183943,19.05238530763145
645.0,-3.016342054372803,1.551176178609572,20.90921658052026
646.0,-3.0809944313574835,1.6404812634083465,16.663034941612608
647.0,-2.8631528006982205,1.5504506294691993,22.045216874755543
648.0,-2.903719959547989,1.6290416581465443,18.508464282623965
649.0,-2.9081314607059956,1.5804146899404095,20.143055252522032
650.0,-2.9285657738982174,1.5219811590472592,22.26213562092117
651.0,-2.8962446211586004,1.5922533196173614,20.246301083153607
652.0,-3.0045883866290226,1.5424354425508735,21.257959441022432
653.0,-2.9540732627816446,1.5592990861795901,22.035569796625026
654.0,-2.950196812935629,1.5690004054622655,19.97807212775681
655.0,-2.883687831016762,1.6186587669552872,18.967761744192526
656.0,-2.943233735219748,1.685703225575987,15.829236246892984
657.0,-2.996576773187352,1.5924331360252935,21.045396885756357
658.0,-3.0617801592709313,1.5947299029679443,18.433776412238316
659.0,-2.7840339611198432,1.5279624109883223,20.784020948633593
660.0,-2.9160294586433686,1.5449993141585532,21.211623136369077
661.0,-2.9529975453907085,1.530783045390604,22.24088222426594
662.0,-3.0220903805472767,1.549594022387227,22.2619596488871
663.0,-2.939149902208556,1.5753651553317618,19.451169657747407
664.0,-3.020546686172426,1.6175233965471385,19.383751992931014
665.0,-2.998938883585465,1.560304400115355,19.79267690147961
666.0,-3.0948904780960937,1.5982888916224374,19.941137123283163
667.0,-2.983604110493476,1.536743833365359,21.508396097895222
668.0,-2.900118656277546,1.5525528778235638,21.323879189878447
669.0,-2.90784068329616,1.558755980303948,20.591403358089465
670.0,-3.1200614442550565,1.593935958241524,19.329383716885182
671.0,-3.0086827698332717,1.5495597240612469,19.95182292078502
672.0,-2.8959710379204755,1.5925740570019462,20.29954919701945
673.0,-3.012306010742666,1.5307542838269559,20.516011101460755
674.0,-3.0897340573458125,1.579495082237076,18.846460260633542
675.0,-3.0492784973074922,1.657753214464778,16.749355993460995
676.0,-3.0226551840147033,1.5595460841112216,20.875070629947018
677.0,-2.944731053987196,1.616680731106873,17.679770648902732
678.0,-3.0913128260777825,1.596244491608902,18.78513799671051
679.0,-2.9776031566506393,1.4846311370342318,24.852565891848663
680.0,-2.901327307274967,1.5826050372705316,19.696694541130963
681.0,-2.954844192429097,1.6021760282816304,20.053687705154235
682.0,-3.0596445809572366,1.5587335146512145,19.46131161421863
683.0,-2.9348764306902604,1.5385309549258015,21.648772165873286
684.0,-3.2055736663361536,1.5350276146833128,22.247508688301203
685.0,-3.12690611687728,1.5663740951592413,21.808353524402452
686.0,-3.0724365763635864,1.5132814025728436,21.615727635952858
687.0,-2.8698125555866083,1.5507505829851485,22.85806265487708
688.0,-2.9151993696040557,1.6311599564059815,19.065810514721456
689.0,-2.916189379745189,1.6009826154256253,18.059387881113455
690.0,-2.856812877259691,1.5072361837582293,21.403771984263035
691.0,-2.958692145763008,1.5873841551844312,19.186873929540756
692.0,-2.8203311166609386,1.582087747075467,21.18792117450076
693.0,-2.9407518203958185,1.5566919320737604,19.651205635696208
694.0,-3.02803073405441,1.5761457885954036,20.005959016961327
695.0,-2.846808699795181,1.5404074972802724,21.035239305726513
696.0,-2.9886481065060444,1.603742716284062,19.68037430077888
697.0,-2.9751524102340228,1.554355563757897,20.5670967993417
698.0,-3.0624621598813606,1.65506604436204,17.47888214123182
699.0,-3.026924436126379,1.5973841524801933,19.628214745523554
700.0,-2.9590410799122138,1.5931752215492812,19.257646967469615
701.0,-3.0049491493188425,1.527000371127321,22.308356595725293
702.0,-2.960649329867073,1.570349909560695,20.38984544879519
703.0,-2.9396836939755246,1.668971248627504,16.011423283109295
704.0,-3.0380724844776648,1.7994479338439158,13.463191719565803
705.0,-3.1492147334367435,1.5424180518197776,20.578361615835803
706.0,-2.866256993149842,1.5754846831318012,18.842407181887197
707.0,-3.093128883268318,1.871313395213809,11.731601984751439
708.0,-3.0396717835099514,1.5529009296182728,22.289119954611174
709.0,-3.050622989348918,1.5229462581055855,22.425183382736822
710.0,-3.0589143670351797,1.5123987977960758,21.914044879475455
711.0,-2.9518286492516155,1.6146790834094003,17.4529104215148
712.0,-2.9902003936536987,1.6295643656926972,18.117717576494478
713.0,-2.9740306394018505,1.6056997013628262,18.773571355759017
714.0,-3.0627938465404783,1.4824197369177292,23.523480081954084
715.0,-2.872411885362661,1.536067763138039,19.865526602993985
716.0,-2.937089839272857,1.4720479562706306,23.708798707534484
717.0,-2.89149672326424,1.521410080997729,22.776214558247965
718.0,-2.890716239040618,1.6270861930383327,18.02782518870052
719.0,-3.1435996262291774,1.5695755670066944,20.135890926140405
720.0,-3.056950070421479,1.5567413847516525,20.637543846788418
721.0,-2.9732769953083507,1.5480329061321172,21.167425633853252
722.0,-3.062484349251753,1.5408591551485078,20.068798091352782
723.0,-2.961629007763353,1.5488462809537034,19.594219086537482
724.0,-3.1143978456438752,1.7263339639601978,15.822586640765614
725.0,-3.0082915357246045,1.6282499270700392,17.309598436614607
726.0,-2.8445886537650464,1.5215335286017084,21.76019294280838
727.0,-2.888555958869209,1.59645353617899,17.20544850555479
728.0,-2.9053973703410136,1.528771006315627,21.204417567448367
729.0,-2.9424967168531286,1.576305647202799,20.083384220535795
730.0,-3.0117247142045898,1.559823581535115,22.188268370738133
731.0,-3.0298737511256,1.5817705716630375,18.94499966448424
732.0,-2.9503432244431975,1.5383886558583637,21.130828062643843
733.0,-3.0511066334091526,1.5623070471853824,21.8753759924919
734.0,-3.071399930586665,1.4986149927361627,23.64145590109215
735.0,-2.849485731498824,1.680510219638136,15.696584371585036
736.0,-2.969544179539766,1.5707858459148705,19.427734232511327
737.0,-3.0957977714818665,1.5068440548228452,22.901644097855257
738.0,-3.1654202089043624,1.550630256544904,20.328506958031625
739.0,-3.0564941402852974,1.5156127125167727,22.61692723861932
740.0,-3.026009059926972,1.565215436729535,19.859623584980838
741.0,-3.0389374381809278,1.5079354679240944,20.57619785962324
742.0,-3.017160369857839,1.6124439829268522,17.041816492796087
743.0,-3.0704369646468432,1.522677776897356,21.28467895781288
744.0,-3.006397201574533,1.5716164474418577,21.266474442489034
745.0,-2.919530171699253,1.685517158772636,16.114003137488215
746.0,-3.1402962434952952,1.5597942934645883,20.949290100680717
747.0,-3.0645730038288144,1.575189513591494,19.22973866349395
748.0,-2.9266140195477623,1.5483955362625637,20.204907833595826
749.0,-3.0239169611675045,1.5636260052508657,19.428214187038407
750.0,-2.9386481840539824,1.5610564916382421,20.3224015822433
751.0,-3.068036125959555,1.4848351214047784,21.76377570777582
752.0,-3.016030558023067,1.6982898690556312,15.211117597778731
753.0,-2.866151200697522,1.5773797534791165,20.97401803934708
754.0,-3.0804047555696217,1.5654889233937166,20.69147484661801
755.0,-2.8606677115242025,1.5908265362234641,20.169617563869494
756.0,-3.040703180264837,1.5247619352918593,22.500446200142285
757.0,-2.818180352528091,1.6195850647591015,17.34581676258626
758.0,-2.834629540520761,1.5511390812876713,20.946244215349555
759.0,-3.0011720746270045,1.5329132477501837,22.263383821724915
760.0,-3.03725165692031,1.552934107857336,21.019465589297198
761.0,-2.8884789033784593,1.6136091342143877,18.975986759487483
762.0,-2.923407981283529,1.5749686230486781,21.051140233819666
763.0,-3.0728752188743833,1.6576055086976886,15.964778346024339
764.0,-3.028511675937506,1.6404242565736065,15.011527382829847
765.0,-2.908631738353421,1.6304360125934392,17.69637914416907
766.0,-2.9694876155808068,1.5900686094359386,18.38948710946167
767.0,-3.0184371713110143,1.562112553652954,20.004507536867838
768.0,-2.870571415597575,1.6127203513956652,18.607984230979987
769.0,-3.066289714210369,1.51972525642916,21.816601144153854
770.0,-2.942792899639823,1.5134628485424693,23.222290846113467
771.0,-3.1911544115302792,1.53170734272108,21.512303130464193
772.0,-2.9736573947015357,1.5472248437846639,20.6057283506425
773.0,-2.974753410530104,1.5437508690088952,21.411595040691097
774.0,-2.9798710790515632,1.524149241854315,22.939200049135067
775.0,-3.0447398147114795,1.5310902658615726,22.0698658361177
776.0,-3.068442187632162,1.4987896589691325,22.539526335045796
777.0,-3.041565188306422,1.5523677193774361,20.991891936408
778.0,-2.9211994886854833,1.568807598117198,20.251302225412417
779.0,-3.109825328785757,1.5853769054544842,19.761313865566912
780.0,-3.072706316172507,1.642291899727923,17.618412726503195
781.0,-2.8594920401356143,1.526163783673017,21.461267021540927
782.0,-2.8589749159168503,1.6100026590061483,19.58956781797189
783.0,-2.97423187649654,1.5322983701080055,21.05107391928442
784.0,-2.906654702630281,1.5297859472605606,22.15077474765228
785.0,-2.9581772215227855,1.5820672795905903,20.28569201429331
786.0,-2.919157676135893,1.6921600047971936,15.302651581011947
787.0,-2.8474100701842358,1.541808562796669,20.14427080012359
788.0,-2.9773168823284095,1.526928201177885,22.36762757232818
789.0,-3.040857591952531,1.6013323118078395,19.715563511443904
790.0,-2.877419824557144,1.5371620044243468,22.47022677801263
791.0,-3.0132148091893765,1.565179665240834,21.38587840672527
792.0,-2.914666201855267,1.5696747263192128,21.425267009198052
793.0,-2.9159011195138316,1.5610878317019257,21.178211131432143
794.0,-2.9843135290247322,1.6072749445903267,18.28831786240814
795.0,-3.0214192109676086,1.594629904351864,19.172838027186526
796.0,-2.914996125370199,1.545532172178642,22.05375294847665
797.0,-2.9760275519780284,1.5402459589064927,20.72180827241756
798.0,-3.029944836291156,1.5497325059998897,20.193184833907836
799.0,-3.041160173846644,1.5564956992070222,21.272304912654086
800.0,-2.8569175250801653,1.5687452771471717,19.260789297936448
801.0,-2.8935144460626874,1.577725076089136,19.411014377913084
802.0,-2.9872964941496853,1.560925293306567,20.365992567346574
803.0,-2.9241664262773885,1.496253466113867,22.1210728545305
804.0,-2.797720050076253,1.5249813413936286,23.09558899532256
805.0,-3.0530870544143434,1.5833131697273144,19.40662280903494
806.0,-3.0500391849516952,1.7183845029613416,14.890651604542743
807.0,-2.9778288473521046,1.635423627037125,17.72281133131621
808.0,-2.8248602294094654,1.5756805765089947,20.139984650795544
809.0,-2.95202786325941,1.6225304401531409,16.93608068853831
810.0,-2.8009616361185232,1.494218035128224,22.154378193320376
811.0,-3.065268276894799,1.6900030249390945,15.176690482861241
812.0,-3.034736110458886,1.5386519683681794,21.605240804092674
813.0,-2.9333180417968485,1.535605513856535,22.347642063419972
814.0,-2.8700382385383905,1.5723894140163175,19.63056109341239
815.0,-2.9411560620211237,1.5184228651607206,22.441995983844485
816.0,-2.8616668332350423,1.5899942217710308,19.242447018798632
817.0,-2.860683605961217,1.5582907378477908,19.84543141387852
818.0,-2.951202369277988,1.5424095736526664,21.52547640806595
819.0,-2.987291346163925,1.5353886924498925,21.69220825927104
820.0,-2.956248973668689,1.6061845949549576,19.713903084305336
821.0,-2.9605678185838507,1.653954295986197,16.629853836171208
822.0,-2.9443410754211943,1.4986085663125674,21.903499979249663
823.0,-3.003972599321403,1.62472988427356,18.760704465181043
824.0,-3.0520699131864846,1.6179184884473223,18.328090030249484
825.0,-2.8720786689299835,1.5201685452442018,21.198997713021246
826.0,-2.9344734934676566,1.5891667648569872,20.94889379035843
827.0,-3.071999574452988,1.6424278205998495,18.025685834525802
828.0,-2.9082652481804407,1.5737854814829615,22.03041090494355
829.0,-2.8336216167929704,1.5911400629503931,20.001725560519088
830.0,-2.855817368569426,1.549523379843368,21.789746802944634
831.0,-3.017237721103769,1.5995598818663148,20.627142990072663
832.0,-2.79128663504282,1.5546241304165787,21.016899815962812
833.0,-3.007550985784917,1.652191035805537,17.6818822562292
834.0,-2.9038971366315804,1.600086806728032,18.57775624829651
835.0,-2.967941499831424,1.5351447809522223,23.18024873890471
836.0,-3.129674396957946,1.582186689092811,21.271833184001583
837.0,-3.0322453767283073,1.6021671993494202,19.343408485807053
838.0,-2.974577166899927,1.558890640152833,21.496339400539185
839.0,-3.019395433564713,1.7708191815542353,13.23262445266439
840.0,-3.02621172161619,1.542690801029121,21.307497371281677
841.0,-2.988546043449726,1.5919104634189358,18.238734468881148
842.0,-2.9836787739334927,1.6977326412627747,15.662839393305415
843.0,-3.0565258623918976,1.500185538747529,22.31899790781666
844.0,-3.170176501862885,1.513833657510418,22.36697505047386
845.0,-2.8983424096794765,1.5663945353730624,20.65188829434009
846.0,-2.8291265926041413,1.5449735614699407,20.652052132199692
847.0,-2.7563187630045363,1.5475557948785197,21.87010597680812
848.0,-2.9985431637477626,1.5311891296388913,21.211799271572193
849.0,-3.0051105569846497,1.5845663159204817,19.19283618357489
850.0,-3.0261293975425088,1.584542332784523,20.146635587352534
851.0,-3.050426607628154,1.5550842344010811,20.549733034470652
852.0,-3.0602308432532297,1.5420093362467686,20.435759141170582
853.0,-2.9762021767069755,1.5792248032829026,19.447159268619956
854.0,-2.9833242551644368,1.5275960114564289,20.964518074544326
855.0,-2.9298059571632966,1.5031366820985217,22.802295901148387
856.0,-3.027049030479529,1.5237981793160265,22.485909417245693
857.0,-3.0262670537930605,1.5950116095834748,18.10687782023537
858.0,-2.8938975889836205,1.6665183764506435,16.696157854677296
859.0,-3.0072965047108333,1.5804927928492698,19.36274939736379
860.0,-2.993421896470836,1.5410349112818758,22.277488993007058
861.0,-3.0155024278702456,1.7477538786895197,14.375453992216155
862.0,-3.023529892628372,1.591838717721685,18.856931772993168
863.0,-2.8234370591496423,1.5456063983270791,22.783381123819115
864.0,-2.9209329598187304,1.5243533025789155,20.998819007924485
865.0,-3.025959824809164,1.5704629323721964,20.242201010280084
866.0,-2.8670718438936307,1.561285932040683,19.73734115768027
867.0,-2.889722789135905,1.613895884107294,18.678260372208868
868.0,-2.8968582098472098,1.5398061257058284,20.27053888719737
869.0,-3.0940614679479825,1.5927811394785314,18.104916747260127
870.0,-3.262188755580892,1.6191143195961115,18.631042295804868
871.0,-3.0868988212419097,1.5562263261955667,20.44653194211928
872.0,-2.9222973439628506,1.5433128997641212,21.677421430303344
873.0,-2.881310982278855,1.5802308143193813,19.73558420726174
874.0,-2.9683518358197825,1.5270472714778447,22.507611080103647
875.0,-2.865235374588695,1.6621725513420833,15.72129856823426
876.0,-3.013106577932748,1.5589300388852927,20.906079629810215
877.0,-3.098837331147499,1.5508597835456437,21.36173395687844
878.0,-3.043057546889517,1.5720035200384432,18.759794151338895
879.0,-3.0506737244087043,1.5834336197769554,18.895459978334067
880.0,-2.9666046890407416,1.5644664632763734,21.154137721567714
881.0,-3.026533694189235,1.7231110946984727,15.170870611816696
882.0,-2.881910159012299,1.5081724715105715,20.886935071248235
883.0,-3.0485795911700144,1.4925465722313158,23.789718095142575
884.0,-2.9685337757481998,1.5866740740705878,19.408455219747985
885.0,-2.9254339180584705,1.6048741636357395,19.51067111654861
886.0,-2.904155268355508,1.5800297750419956,20.99041234105681
887.0,-3.046485970157491,1.5809008213307234,19.52939995632118
888.0,-2.994714725857749,1.727702772588028,14.687898603649902
889.0,-3.019707661596607,1.547035760402821,21.492018669950852
890.0,-3.025921285691896,1.5565560384468466,21.273812188890524
891.0,-2.8262717962220543,1.6272975768141713,18.253299246901793
892.0,-2.9074134425384974,1.6121874100814715,18.398410176297304
893.0,-2.943121597684842,1.4981214514080379,23.865983201756507
894.0,-2.916447422145405,1.6408371915827993,17.485184756596496
895.0,-2.9775805920679748,1.541352759983761,22.589837325814948
896.0,-2.8129400922481933,1.5929747847157167,19.816181197508286
897.0,-3.180934218081307,1.644205661388058,16.379389987351217
898.0,-2.9893682506344526,1.5648823338096243,21.928674861783296
899.0,-2.9062562616851175,1.6535638438563134,16.90301269700339
900.0,-2.986026801046002,1.5643618401228188,22.593197365213957
901.0,-2.987365814604769,1.549781201195253,20.376148305836356
902.0,-2.8388834832802283,1.4830980875433357,23.23564004342662
903.0,-2.918155520344855,1.4675652731943647,24.45865426034959
904.0,-2.967287072129211,1.5654206368253896,18.173602520669693
905.0,-3.029867381536598,1.5572885950471331,21.6127726151381
906.0,-2.9112134178941482,1.5569316427626587,23.02759766331821
907.0,-2.909998293981051,1.5475821276872488,20.815645343146116
908.0,-2.91370397763045,1.5063731012346553,23.132496061344543
909.0,-3.1602788462557534,1.5685719645466207,20.87491200691705
910.0,-2.859844863892939,1.5562631686332706,22.061956911005417
911.0,-3.127246137953023,1.5800375047954287,19.330456060730146
912.0,-2.935920929602478,1.6586379475890607,15.892325858121946
913.0,-3.019260764640994,1.5183108739284892,21.095751157799448
914.0,-2.9064632070540015,1.5140810094292594,21.807977081461036
915.0,-2.991097307489386,1.652025003416701,18.105699079126303
916.0,-3.127021227520692,1.5286095641364057,20.51067603849387
917.0,-2.9037166653100828,1.631385287740715,18.81195060551959
918.0,-3.0322746704901236,1.5272546763502617,21.205212340045087
919.0,-2.980501919301327,1.6113753387795633,18.7120216059214
920.0,-2.852806176054724,1.571450684991929,18.965452785481883
921.0,-2.9320164100559403,1.6566808724857538,16.365351382603485
922.0,-3.040562992438624,1.5956162217255967,19.349149428866344
923.0,-3.0173101616107276,1.55457284250156,22.339351182464544
924.0,-2.940254758440409,1.523299044798811,23.847975359017227
925.0,-3.157824101802034,1.5148949878698885,22.568595704864002
926.0,-3.068032597457077,1.5643674099997125,20.764421053382932
927.0,-2.934241726139148,1.6006584059938744,19.05401017259756
928.0,-3.04149574191878,1.5147929671897984,21.273254922111292
929.0,-3.122318130019906,1.544859775670599,20.87772581125254
930.0,-3.10949661564963,1.491629201169315,23.181729866700927
931.0,-3.097345709407179,1.5805611206633596,19.355414162332096
932.0,-3.0952309212238163,1.599191002290886,18.794105703338687
933.0,-3.085439917383874,1.6388131649566322,17.29654949255438
934.0,-3.0033268359968415,1.5545073075251854,20.084813793539183
935.0,-2.9708251715621263,1.5190153821654881,22.922027339936186
936.0,-3.068363942877676,1.5250967459578204,21.124838567511155
937.0,-2.9996904976936776,1.573690293278497,19.643049435545137
938.0,-3.1205471168015735,1.612134076132625,17.94910641394572
939.0,-3.006586637232221,1.5285046110129334,22.43524271611422
940.0,-2.9026238027533333,1.5741168954086402,18.787283786889706
941.0,-3.117895529773822,1.5771754135231433,20.188641882997956
942.0,-3.0868155517706946,1.5396989960171994,19.915794193864667
943.0,-3.020028664497968,1.58325002083728,21.12003836340876
944.0,-3.130995993169635,1.5471068806094395,20.14868812190912
945.0,-3.07048762133722,1.566102067496904,21.730787101073933
946.0,-2.8910163273742384,1.5724216945860725,19.575296025441705
947.0,-3.053956027138748,1.6540719764956093,16.332448231462426
948.0,-2.9974732010354863,1.5775197124814526,20.612133300036028
949.0,-3.050041673139989,1.5316810318732375,20.403763061158546
950.0,-3.0182757659139043,1.5333080227154732,23.1010057504126
951.0,-3.058442104896424,1.4956412410290953,24.32122783274906
952.0,-2.889675877484037,1.5490350786270615,21.482097629890646
953.0,-2.9296092808556757,1.5678929533229593,20.223441980067353
954.0,-3.0566035998547285,1.5651788875909736,19.604623676035146
955.0,-2.875094512365195,1.5668457691653324,21.778783892424997
956.0,-2.898081703695895,1.5432056458462615,20.048789619657185
957.0,-2.71412026819943,1.5446044153342005,20.318847092058736
958.0,-2.916693315506075,1.5551560897949168,20.791288673279137
959.0,-3.038207633983946,1.563765763731372,21.612366650356343
960.0,-2.9974968020196493,1.535274124399923,19.987253337959686
961.0,-3.0328329775415845,1.6404999964902,18.60879296778461
962.0,-2.8863738769973715,1.548229605302046,21.478168630305664
963.0,-3.016479222590066,1.6523046011421976,16.45669157864681
964.0,-2.860283284470726,1.55389137860752,20.381812252947924
965.0,-3.0477339585557166,1.547851861631787,22.385524707400027
966.0,-2.927703924048169,1.608286725635935,19.202558139344326
967.0,-2.9196744544068665,1.5926799918456471,20.95670674495009
968.0,-2.950626934415837,1.560468389220484,21.687008832745803
969.0,-2.8777861122490624,1.656801443687595,17.129638916067467
970.0,-2.8859214123463524,1.5705947622823289,20.836146372754364
971.0,-2.948484514723032,1.565609531743986,20.10900890005957
972.0,-2.903684946140024,1.560349953109208,20.913126845070643
973.0,-2.9256381701887824,1.5439806115631658,19.44676778754054
974.0,-2.9113135320600607,1.620862356458514,17.280862006034525
975.0,-2.9006757824908496,1.5320627898299748,22.167817079516485
976.0,-3.1270762269050896,1.5456856763195703,22.211541704626757
977.0,-2.806024873771733,1.5350027121847287,20.72844942324555
978.0,-3.160629977717176,1.544137911233267,21.6885367800989
979.0,-2.9779545756074945,1.5627540197687555,21.74144496798343
980.0,-3.1087815098920335,1.550273193347452,21.53371373263345
981.0,-3.0197696885015084,1.5909270489133445,19.639427880985075
982.0,-2.986523859891359,1.5035710716415862,25.280736337858958
983.0,-2.843143339346189,1.5375449673741521,21.3196636992448
984.0,-3.0864536473899955,1.5743265882937711,20.021217430065235
985.0,-2.9073480211473184,1.5177816308063043,20.753294740858856
986.0,-2.999468785155744,1.6116689783586526,18.440196495734188
987.0,-3.0242766428892893,1.59978829468757,18.556221975176683
988.0,-2.973090435622562,1.5092363543444538,23.180609226457097
989.0,-3.0193243988160217,1.5743726127209827,19.974513334309492
990.0,-3.0040319261777673,1.5289969665350527,20.950663560403232
991.0,-3.0113106155157965,1.5018124275697744,22.02647089752574
992.0,-2.847327564477653,1.531135892989789,22.494284928381738
993.0,-3.0210289623354276,1.5232699386924473,22.86858720936836
994.0,-2.958315963132244,1.584642452958862,18.877911355783986
995.0,-2.8829089017335097,1.6864135369957618,15.721140560300114
996.0,-3.1148531558406884,1.5376896703608134,20.24167790637155
997.0,-3.115502539084031,1.5364491310187973,20.862024971327237
998.0,-2.85865111762723,1.5289090213412992,22.273559824065046
999.0,-2.8863851613222185,1.5565147771402634,20.962059454117313
1000.0,-3.036070051030622,1.5371468729669016,22.170141698494035
1001.0,-3.0076131648970184,1.532049902227006,20.437489862222222
1002.0,-3.0019707584795015,1.5925755601400393,19.162670214186036
1003.0,-2.898583435646613,1.583566657227626,18.887208270800556
1004.0,-3.128467777918023,1.5796760067682825,19.83438224398121
1005.0,-2.953108285627323,1.5934315295702661,18.391125683705642
1006.0,-2.8841846439483256,1.565910401980016,21.798785082375204
1007.0,-2.903619287997684,1.5497295314479858,21.494536899884316
1008.0,-2.9584186272873247,1.5564879128690996,20.8440372298602
1009.0,-2.8476097458647605,1.5588896272698807,20.559412149285166
1010.0,-2.883557219504539,1.5466626444871583,21.029380274876083
1011.0,-2.8855723255305286,1.4984670985501318,24.94919158066609
1012.0,-2.9767027866122953,1.5820945215100894,19.74460605518223
1013.0,-3.028427155750639,1.5079627848397292,21.995527397497455
1014.0,-2.941871363198136,1.5790117643334045,19.584423349042332
1015.0,-2.918671345975584,1.5654116035219685,19.558894825885027
1016.0,-2.920780351668228,1.553693080714328,20.25885828677104
1017.0,-2.943743883512623,1.6219553433990381,17.681281787001375
1018.0,-3.049720314044356,1.5468159468766092,21.617362222284704
1019.0,-2.848747281440243,1.5527309839980132,21.47738931873754
1020.0,-3.0583137805498035,1.7365400213693105,13.6591186336834
1021.0,-3.0675064770597285,1.5644364063266711,19.905272803260054
1022.0,-3.0230821802832963,1.6022871566885684,18.71127486721699
1023.0,-2.9574405602981857,1.6031443696992387,17.55480604471661
1024.0,-3.0537018951020944,1.5621192036322262,20.923019171046853
1025.0,-2.968758820490784,1.5259328777532786,22.16987922091132
1026.0,-2.943872970526087,1.6158995631111206,19.021411515066838
1027.0,-2.829228102684545,1.5670963721906426,20.06968162638487
1028.0,-3.1822423638572683,1.592467592598194,18.79397094683714
1029.0,-2.9608367075355675,1.5911999096156424,18.56153614776202
1030.0,-2.980350548495683,1.6067272993397093,17.328911964049603
1031.0,-3.0875201896177167,1.585320512437554,21.47112289732418
1032.0,-3.0241518339419082,1.5223500584886471,23.055045064673195
1033.0,-3.044935860937541,1.5542178689731831,20.434179762853567
1034.0,-2.853911430098151,1.5150890900105793,22.17870380409993
1035.0,-3.0150785032102485,1.5268096901663069,23.22487191161716
1036.0,-2.9207064673295844,1.5807947378362748,18.698459872965813
1037.0,-2.9114899510396306,1.5480182098501516,21.89386276448134
1038.0,-2.9728598674566324,1.4982885658522476,22.34212303248598
1039.0,-2.9529161501888344,1.563419204305306,19.54624086135577
1040.0,-3.0642973712700887,1.5744352249893645,21.239167054531784
1041.0,-2.9521296097031007,1.5262793582847918,21.991118032478358
1042.0,-2.9354477519089492,1.558303272187364,20.664612418872654
1043.0,-2.9644955689001957,1.5592808613599396,22.523674670956204
1044.0,-3.1116385276519454,1.5854537210613144,19.085283392569934
1045.0,-2.886451986995733,1.4822454451928153,23.11849356813528
1046.0,-2.8979780435367015,1.7509170315646287,14.70032905844663
1047.0,-2.990815421241468,1.5933879939214042,19.066360618120896
1048.0,-3.0134205985184472,1.53396628491843,20.810736913165965
1049.0,-2.8869234112480315,1.723699982442504,14.4118727748506
1050.0,-2.8192804362305997,1.6149437962222062,18.53348540490557
1051.0,-2.84982514114455,1.5925428874171619,20.266711004630775
1052.0,-2.8916512750210135,1.5266874720330526,20.963505656973773
1053.0,-2.9457503241233933,1.551141728528116,20.562503010077485
1054.0,-2.8970989705704024,1.5596736096575872,20.203974582056787
1055.0,-3.072036161082347,1.7228638095238342,14.963152961619208
1056.0,-3.0785437365638098,1.5813723903466874,18.96858943966388
1057.0,-2.917526427862457,1.6012574219928006,19.70140306865979
1058.0,-2.9003592756163004,1.5449425070821179,21.400925103651964
1059.0,-3.03758724268567,1.7086138309877765,14.281324855449853
1060.0,-3.017635929228293,1.5615355183096606,18.977144808007935
1061.0,-2.9880044859297428,1.525540411614034,22.793376346642535
1062.0,-2.927272355287672,1.5885099921064134,18.236182001347775
1063.0,-2.99535679819929,1.5206490209739663,22.441551462970796
1064.0,-3.117665359021486,1.6215801816181197,17.25415217855395
1065.0,-3.070446810765688,1.5596699083787255,21.487368829898863
1066.0,-2.850864204946428,1.5404348159981467,21.61962911866752
1067.0,-2.981978556297998,1.6656898616463602,16.42788486421736
1068.0,-3.0926941141583795,1.550115248448717,22.03733920711754
1069.0,-3.004686049468971,1.5675522885703281,20.655302443820638
1070.0,-2.9062701749343622,1.6262491304593116,17.15641930372756
1071.0,-2.9042593246460453,1.6300341713781488,18.896543214694407
1072.0,-2.95245628825851,1.5757568136860967,18.929982179100747
1073.0,-2.905881004729052,1.5442704923205828,20.082915403391933
1074.0,-2.8810791262899507,1.6622581223433148,17.48329311030281
1075.0,-3.06965984650391,1.6099432813006296,17.88645071460181
1076.0,-2.887510254649299,1.65265777888187,16.212344644034005
1077.0,-3.00110591278088,1.61369678111749,17.68539305526049
1078.0,-2.9593081509771264,1.7390994700579911,14.661343975662712
1079.0,-2.8418523529143638,1.527460742351094,21.548780243677612
1080.0,-3.0321849189317485,1.5039193331700877,23.346196151415246
1081.0,-2.947472903000341,1.5269326073660747,21.68301998827015
1082.0,-2.9183285595660404,1.5733317007990273,20.76311833047227
1083.0,-3.0714118520703435,1.5858593301974353,19.032513987673088
1084.0,-2.910163155944416,1.5855889398732352,19.325062166716936
1085.0,-3.0226215678801305,1.5585954365777428,21.559413692257074
1086.0,-3.0159828255534578,1.564003025591011,21.07012659127066
1087.0,-2.9182764213903285,1.5711647960745145,19.432913778514965
1088.0,-2.9723534479467837,1.5433055461902012,19.436245118490476
1089.0,-3.007223769206444,1.5478745885401803,21.38689958477704
1090.0,-2.9635312439957304,1.5710315280243212,20.55629147630231
1091.0,-2.9361462011014376,1.5885682849895262,19.41946202123226
1092.0,-2.936012216683649,1.5572541641224416,21.880342728160386
1093.0,-2.9647118894671323,1.552018978377258,21.285395760969784
1094.0,-2.77640967026715,1.5303397698827785,21.548404392916893
1095.0,-2.991369556518497,1.5307064494752674,20.835383088001926
1096.0,-2.9618922120940177,1.5632568136491813,21.04181870362406
1097.0,-2.9655048060347817,1.5847412721901097,19.56027570118436
1098.0,-2.9474343546960116,1.5453374832643032,21.667077743306336
1099.0,-2.9327803335069733,1.5357606681633236,21.149447216717654
1100.0,-2.915678578071362,1.715113729026352,14.660313616829168
1101.0,-2.9325012097451837,1.5790411492953664,20.17546013280698
1102.0,-3.1208596057490703,1.5714272052544995,20.59770079724459
1103.0,-2.8919467878372114,1.5519255635255238,21.488293059719858
1104.0,-2.9980073472164173,1.6188377248949957,18.685024154236068
1105.0,-3.1663569551606963,1.6177661013099054,18.545357164153867
1106.0,-2.9863290376426606,1.6015701208745077,18.725066342143215
1107.0,-2.9832749650550214,1.532791345983013,20.47411240706062
1108.0,-3.1191753324483735,1.5318854900501995,22.147271106680027
1109.0,-2.9706610184837694,1.583118076423176,18.909485247294327
1110.0,-3.12701801828066,1.5639152071429394,19.70784969280218
1111.0,-2.9955581395499338,1.6175730150478096,18.62757996397521
1112.0,-2.9435525219567413,1.5628802069975474,19.632861858763412
1113.0,-2.9087710543286613,1.5362318654556053,22.09971510957917
1114.0,-2.9211074327882125,1.5708777200504502,20.153047227330724
1115.0,-3.010063293756753,1.558361177074492,19.31017866536671
1116.0,-2.9031906769853713,1.5528239206018246,21.26521933143211
1117.0,-2.9350776752125016,1.5521006302657199,20.624827144048517
1118.0,-2.987059052733734,1.6112857226481279,17.92922967581596
1119.0,-3.034608121051101,1.5203119383451198,20.98914639734808
1120.0,-2.859783503936026,1.529206322528518,21.950999534330553
1121.0,-2.9424331946717546,1.559520908007733,20.71401162932726
1122.0,-2.90747569373076,1.8394744150403235,12.452395251397286
1123.0,-2.9257910796395423,1.5765809044811825,20.081461387641134
1124.0,-3.0487051739566646,1.7058082476367302,14.929924791142946
1125.0,-2.997732640936203,1.5605680386974896,19.497802590827607
1126.0,-2.9713682803066774,1.5634906834025335,20.859654072604236
1127.0,-2.9821522280383954,1.5964679993174447,20.01815393040362
1128.0,-2.9891864662943193,1.533530717739388,21.996854845747166
1129.0,-2.911325582907966,1.5215092672456916,21.443721452830303
1130.0,-3.1335217307866152,1.5040580108518502,21.946156286397418
1131.0,-3.000621143530519,1.6713428691454768,16.291315196654942
1132.0,-2.97428543924923,1.5837456718845688,20.725234934254743
1133.0,-3.0964567025110044,1.5447574584943915,22.040766771789905
1134.0,-2.9451239470606305,1.5125028949240567,22.787369416426316
1135.0,-2.9449268256603203,1.547392154552588,20.027523829178307
1136.0,-2.975489200735565,1.5184954852097716,22.989395097137496
1137.0,-2.9783234955270332,1.5283970459925111,21.874694902780448
1138.0,-2.93128097449328,1.6279424661879758,18.993148443957573
1139.0,-2.7515407057740298,1.575418242483939,20.2743829724758
1140.0,-3.105636599073554,1.6781694094173656,16.626227648806907
1141.0,-2.882009550376586,1.5819743707160714,19.67423839934209
1142.0,-3.096609508511251,1.5879367634245622,20.457798297346393
1143.0,-3.1043817573067143,1.5715966554544605,19.71944136705052
1144.0,-2.851384362642785,1.572739132832759,19.46864719710112
1145.0,-3.067812938601014,1.513319772189869,23.425603817506172
1146.0,-2.905123256476368,1.58350343177053,20.70910783908126
1147.0,-3.0346927856138173,1.5397680683206698,22.423211467057442
1148.0,-3.0278541323867096,1.5579618186008157,20.572433457955288
1149.0,-2.9373984526485786,1.5908993607638915,21.022771350400664
1150.0,-2.9730552563161856,1.6302352661628405,17.793606362800915
1151.0,-3.007517161102719,1.5448985968559223,23.200997046862263
1152.0,-3.1119069813487994,1.5213378619597995,21.667320861542013
1153.0,-2.986648698000066,1.5997086263896085,18.830115355722967
1154.0,-2.997921716575585,1.6211029032606277,19.014760735275598
1155.0,-3.087489199817402,1.5358275978328169,20.99694163837697
1156.0,-3.008031270209481,1.7242769490780625,14.605441977814616
1157.0,-3.0082787780632616,1.5642473562153143,20.76287618520562
1158.0,-3.131836477795091,1.5258919599504097,22.894968133224555
1159.0,-3.027705645901909,1.5078178965211322,22.114722200760994
1160.0,-2.966898221461689,1.5487679897190108,21.017776632503434
1161.0,-3.089441368386714,1.5286413932323857,23.597857502185906
1162.0,-2.95150189716707,1.5591433017950331,20.424355520526774
1163.0,-2.942937904052851,1.495392288651097,22.309675836864756
1164.0,-2.966862555292101,1.5660339713399987,19.667181247787415
1165.0,-3.030325436752949,1.5890066783533376,19.29870293158904
1166.0,-2.889338177737863,1.594552822874337,18.19627183184115
1167.0,-3.171895946239243,1.640685789575191,17.483336256242655
1168.0,-2.8245719609243993,1.5674560519509253,22.42322775450809
1169.0,-2.9684241802814366,1.6071620060482188,18.546062876350756
1170.0,-2.951885646925464,1.5982412622605209,18.019802893685544
1171.0,-2.843884834094006,1.587571783760063,18.83742393721964
1172.0,-3.0456417174439734,1.668799606005102,16.721142223705932
1173.0,-2.9825152044519374,1.5640398091159506,19.801031977732514
1174.0,-3.046116950403777,1.5211937929859491,22.53394678320756
1175.0,-2.9644660193736208,1.568157468234869,20.096634318080703
1176.0,-2.8376764630272815,1.5605104314231042,20.10012943758696
1177.0,-3.0116751230436485,1.5777258502216989,19.850185591202198
1178.0,-2.9703664202044457,1.8357714162259822,12.280474504780727
1179.0,-2.960998093897164,1.5277048786266696,20.03466133802126
1180.0,-2.9439223991364853,1.6599130965476379,15.671940743076945
1181.0,-2.9439419131306463,1.5971642575934344,19.4288903813247
1182.0,-2.9987033287604614,1.5555340944584712,19.456211553031387
1183.0,-2.832828262941572,1.5038609991182028,22.759385362968295
1184.0,-2.9672698268424567,1.6020545620783122,18.703177122527695
1185.0,-2.98528691309226,1.6245237560614427,17.073426795248487
1186.0,-2.9808246911940417,1.6752873759766775,15.978368053867174
1187.0,-2.9533083379091316,1.5522234375999453,22.408144943945434
1188.0,-2.8961525571803883,1.561102441035303,21.278036869205838
1189.0,-2.9375769792540645,1.5632988868146935,20.679378460397277
1190.0,-2.973423034077607,1.5509872319128428,20.606387566997462
1191.0,-3.0708575611974624,1.5085595363776971,22.37093898505271
1192.0,-2.8779689398904447,1.5361741334917929,20.47346966905095
1193.0,-2.9258970695491335,1.5754754020681103,19.364707226574723
1194.0,-2.8436956927166,1.4823410106623127,23.225240405058756
1195.0,-3.010828832379819,1.5486535241705595,22.661310145399643
1196.0,-3.1939974954786443,1.5928896844762672,18.738248452245685
1197.0,-2.9516450856171326,1.5529930202087625,21.19536537480196
1198.0,-3.13320370308578,1.609406126662669,19.052174508333778
1199.0,-2.911668704310275,1.6974418608570911,15.468565663269324
1200.0,-2.77703119231799,1.5449704034716456,20.021365620822003
1201.0,-2.9315356663815266,1.6429418359349754,18.293169414664355
1202.0,-3.0815092395586046,1.5455735649972677,21.33126662457897
1203.0,-2.886605356802628,1.6364457166785336,16.597310160171308
1204.0,-3.0228494504724375,1.5669689294818003,20.109281050041393
1205.0,-3.000209685770157,1.5343832981061825,20.775375182079085
1206.0,-3.0570113113448105,1.5416321863513538,21.234656937102386
1207.0,-2.8394397895264483,1.5207860007887073,21.20957560023963
1208.0,-2.974187453026105,1.4791070730149376,21.79597560095721
1209.0,-2.9681922301900423,1.5431320642331792,21.49530192705061
1210.0,-3.022430198344884,1.525340358060368,22.765315266361
1211.0,-3.0225158974943023,1.5529442514780956,19.975069773713287
1212.0,-2.836742604778852,1.7066223869946386,15.87820223077946
1213.0,-2.895314199991625,1.560800994277527,22.220920992837968
1214.0,-3.018283561371355,1.5411276773875457,19.942411614823335
1215.0,-2.8961839147518704,1.567006824342526,19.068012222237236
1216.0,-2.992314733828218,1.4877563658261783,23.692229051429493
1217.0,-3.0002510124938464,1.5689799281185612,21.15897738424652
1218.0,-2.997593425772445,1.5850941259707547,19.51946830616044
1219.0,-3.128740189194141,1.5466255227565222,21.00422499020869
1220.0,-2.878636197983063,1.501821942212594,23.222908755087538
1221.0,-3.082030664893801,1.626728522597297,19.122437358462253
1222.0,-2.8776084087483107,1.5391975687021016,19.858449375498015
1223.0,-3.066396583395684,1.561012617977924,21.921667098517084
1224.0,-2.9967223106699667,1.711846188371275,16.477102805770762
1225.0,-2.8854615304703515,1.5625666378691379,21.14802673659129
1226.0,-2.8434575467791277,1.608530493794363,18.75273476545268
1227.0,-2.95986700786939,1.55215875393772,21.24243686090893
1228.0,-2.961951393313222,1.5729167438658949,20.3588897325689
1229.0,-3.1272633993322296,1.5500795852127038,21.25728392126767
1230.0,-2.9787059511498026,1.5926319422678379,19.172294365196294
1231.0,-3.036040222844026,1.5802882042839301,19.986790085713103
1232.0,-3.13835558510826,1.5880321253997578,18.711419521815465
1233.0,-3.040210373519581,1.51771037863065,21.781587053978665
1234.0,-3.018026351898607,1.560119829992236,20.142026294266934
1235.0,-3.0052059282006542,1.7010990476945012,14.977556906259508
1236.0,-2.9965971457913376,1.4900006583367524,23.70977902857218
1237.0,-2.9773784598472433,1.5337897289974376,21.915181605422266
1238.0,-3.0678955299656225,1.5634212165653878,21.594291566593405
1239.0,-2.848059661825593,1.676318376264239,15.887752548427088
1240.0,-2.927740048384797,1.5490293481453006,20.42966026519139
1241.0,-2.934166062110022,1.5251589613957865,22.211987627115633
1242.0,-2.913335230878456,1.5521271672601284,22.040926592970266
1243.0,-2.8877674757885297,1.5438125858752978,21.21243300217121
1244.0,-2.972711944919551,1.5395060757804817,20.14042306658743
1245.0,-2.915435321371886,1.6420128984669948,16.24050873072798
1246.0,-2.9147984617000837,1.5259671449071146,21.38441378457273
1247.0,-2.9470284914559395,1.5600349658437231,20.541917538970896
1248.0,-2.994539870358111,1.5855231269388796,20.28932015954779
1249.0,-2.914070981629921,1.6128966428683358,18.867401641202967
1250.0,-2.9862965689884238,1.5297569410251104,21.789566924066452
1251.0,-3.0407077754193375,1.595441817655128,18.21152498393218
1252.0,-3.0764803126430147,1.548853643265757,21.622430644690404
1253.0,-3.0272514257899825,1.5951286395933675,19.026960672292365
1254.0,-2.9019164283961123,1.5172054772974692,22.888036442268078
1255.0,-2.990015086908384,1.5876020328585032,18.056859570374353
1256.0,-2.8530480948075234,1.5141445071386386,20.65565823227141
1257.0,-2.778516305766802,1.5022214255249413,22.61059631894728
1258.0,-3.0736574114083948,1.5449558162087964,21.088973620462312
1259.0,-2.8732968735845525,1.5129447808894394,20.929130705261954
1260.0,-2.866437245605168,1.52097545200202,23.140671735788317
1261.0,-3.0700768920619455,1.5704119929755889,19.619211143933743
1262.0,-2.963025678827111,1.668037859486362,15.660852756493384
1263.0,-3.0363506378160214,1.5656016738918082,23.014177903329966
1264.0,-3.0198716543766313,1.5551653322280254,20.136944712723523
1265.0,-3.0374092486642645,1.567742701725305,22.10730484753598
1266.0,-2.974732487693752,1.5711569118442263,18.913844547319165
1267.0,-3.0477569630041352,1.535792429633704,23.173319359939484
1268.0,-3.03768683711844,1.5188858790416033,21.595776403579308
1269.0,-3.0185096881633084,1.5347920889338857,20.9727301651207
1270.0,-3.057946265533489,1.539266025428129,20.066528703418456
1271.0,-2.959796561355019,1.543260873481682,21.095768443715446
1272.0,-2.9797483385599226,1.4944201232253147,21.710240866053525
1273.0,-2.965909970808854,1.542007739761534,22.295476641666255
1274.0,-2.9092464872475157,1.6360030687348193,17.303125355348435
1275.0,-2.9873354439040316,1.564175946904057,19.70874572172056
1276.0,-2.8961668417091744,1.6331625311995124,19.180811507959802
1277.0,-2.9126903325701297,1.5761664513790006,19.3687179533293
1278.0,-2.927295450422692,1.6340335992381294,18.63255478416817
1279.0,-2.955820969471106,1.6058549059703338,19.13910285296777
1280.0,-3.0694991613451124,1.627909926099012,18.210542108965672
1281.0,-3.1500639842317,1.593097130431389,19.388086245503676
1282.0,-3.1159926931916884,1.6716859861679674,15.278543192085003
1283.0,-2.923419676747655,1.5589987271924786,19.09023329412983
1284.0,-2.7938324571729933,1.6256185655767832,18.001138286416978
1285.0,-3.0756708952686336,1.5563614920365085,20.829671116284565
1286.0,-3.029297366216639,1.6346894922610222,17.73897297064566
1287.0,-3.1809584745579524,1.6471469832305479,19.128114486747492
1288.0,-2.899136552089765,1.5765833647772018,21.19226131827898
1289.0,-2.9035919970859894,1.5134972432495295,19.98997520315792
1290.0,-2.8732139740546523,1.5296820402992364,21.627667471952684
1291.0,-2.8266836925421526,1.5281841712112982,23.110457850258882
1292.0,-3.0002062798499978,1.5636377627987024,20.764132888798862
1293.0,-3.043437777870521,1.571754130308669,21.142827435366822
1294.0,-2.9575043300807686,1.566880824081022,20.323623056460885
1295.0,-3.0040393257372964,1.523621898220607,21.461690968512286
1296.0,-3.1231542345170116,1.5385292132951651,20.666502555548476
1297.0,-2.817760646339736,1.511737912018424,23.042352111811432
1298.0,-2.912290173311753,1.531914792337043,21.03161867356045
1299.0,-3.060028985697605,1.6086602428874484,19.647727122928952
1300.0,-2.9932075402401086,1.5118167620259106,21.105788497866577
1301.0,-2.8472499224549197,1.5353701622921245,21.731269812651277
1302.0,-3.094106700452239,1.5918468618436745,20.521781844486085
1303.0,-3.020348412592775,1.9079132160084502,11.20993990784007
1304.0,-2.9938928427939686,1.5611153952231867,20.778003294309627
1305.0,-2.9215097891418873,1.5671614841348163,21.948473332638947
1306.0,-2.856986172020707,1.5013021178979717,23.173091428402792
1307.0,-2.8898946354479986,1.519759699139907,22.79254790318393
1308.0,-3.0337328295071497,1.516807354046403,22.0547518152107
1309.0,-3.078473375829664,1.536808237267505,20.679692419158464
1310.0,-2.9428941563125353,1.51463824275592,23.646063968100783
1311.0,-3.0024416052927334,1.7727064764566651,13.359579931427549
1312.0,-2.958934961527433,1.5454384965670238,22.51687271955575
1313.0,-2.8970644898006435,1.5745165571896238,19.71006281747969
1314.0,-2.8132693651336274,1.603411643930438,19.027548077364905
1315.0,-3.046305887937644,1.5149490517317674,21.9018819538704
1316.0,-3.0558880870087,1.4817276217319915,23.746074878714396
1317.0,-2.9784308860600808,1.632695334869925,17.319135165356933
1318.0,-2.859267775745275,1.5483897316386275,20.699554267848473
1319.0,-2.9718664702335382,1.7171026155067974,14.37943095304908
1320.0,-2.853522481555956,1.5456726769957154,21.66085255999002
1321.0,-2.9201501489286503,1.4714965414321661,21.735669046778952
1322.0,-2.9735624011739006,1.5311595255045485,22.198276875306522
1323.0,-2.9389986267971993,1.5605338084779081,22.215545273445404
1324.0,-2.975828768125126,1.6265359041596625,16.76543011610838
1325.0,-3.0066181434261168,1.5740892729292653,21.010143210552467
1326.0,-3.0772697277044903,1.5068878208415897,22.32493577364781
1327.0,-2.93756136355022,1.5354150389900205,22.30340417602212
1328.0,-2.9222337693983786,1.540847317276003,23.388747017157286
1329.0,-2.9830422499792597,1.554813838058366,21.515935472665895
1330.0,-2.9681095598668024,1.5364298947078154,22.10975546687975
1331.0,-2.9522937500460196,1.5937492142270466,19.0150894801173
1332.0,-2.836273925110691,1.5689952829822502,19.94501135067131
1333.0,-2.9672674538653596,1.6737177526103277,16.69812261252422
1334.0,-2.998500710150724,1.558996351924974,20.095144096268
1335.0,-2.8896590563156765,1.584391490183504,19.653716997084338
1336.0,-3.0417892718755266,1.5456888412112315,21.863756206136973
1337.0,-3.01586107190699,1.5399533898638806,21.17414305439754
1338.0,-3.0968265278264635,1.5345644459989503,21.861293435711872
1339.0,-2.907574323609231,1.5860431184526356,19.852294084937064
1340.0,-2.7935127273502784,1.6304785006110907,17.106153027156783
1341.0,-2.9543790414501747,1.5414816292624391,19.95195504635562
1342.0,-3.069804631899589,1.5529287113437773,21.64556033863437
1343.0,-2.883135428387398,1.6187783267147111,18.848494247524144
1344.0,-2.970335062502079,1.627168269820924,18.59922525662983
1345.0,-3.0920168446792884,1.5175188919719957,21.732183714578426
1346.0,-2.972404644677753,1.5387190941238278,20.765521209556148
1347.0,-2.807085115342544,1.5797055816412782,19.468358787084675
1348.0,-3.0122156840465686,1.6656818912465852,15.921539711368547
1349.0,-3.008391890314256,1.4981295298974024,22.500410796567753
1350.0,-2.9798610862673347,1.5728366112342016,19.39472568086161
1351.0,-2.8210646118578486,1.615102701371924,18.761583261723903
1352.0,-3.025826266589714,1.581261268871747,20.327659620215158
1353.0,-2.7850773835482556,1.6186814553749207,17.905518175733107
1354.0,-3.068323260778964,1.549142439856976,21.070851845509097
1355.0,-3.115638762572758,1.554379619312494,20.86807221708777
1356.0,-3.1212948821420907,1.585213897204879,19.86773441209216
1357.0,-2.9349658371312044,1.5531320832516893,21.764597297732326
1358.0,-3.0019578945761305,1.554721629446981,20.02745438104677
1359.0,-3.0104469114484163,1.8181801719510067,13.275680091571367
1360.0,-3.075611822213485,1.5681738174326227,19.52410274269363
1361.0,-2.9593766126544727,1.5280537319413423,22.419240788030653
1362.0,-3.072855796408401,1.5125901780273328,22.426375675989448
1363.0,-2.9497361921441536,1.5779753165730626,19.083900254452704
1364.0,-2.8396044396389635,1.659863270895849,17.66727625140893
1365.0,-2.9821335957282677,1.5054305405033237,21.296904094204592
1366.0,-3.061130810378823,1.5921142366814522,21.090974333052362
1367.0,-2.9636637318871473,1.6289894535159475,17.36079985698815
1368.0,-3.1605470695955997,1.5792747364230728,19.734247245844905
1369.0,-2.8071556335452357,1.5192761708412417,23.07128025095233
1370.0,-3.066892771822657,1.5077923900854961,22.83362348905546
1371.0,-3.027035823049613,1.5210932640911488,22.285399099637132
1372.0,-2.9824283068135067,1.6151437474537653,18.021067444026187
1373.0,-2.8788256205104252,1.5000499236961293,22.076854011437593
1374.0,-3.0653183035451392,1.5986815550171243,19.1762539421033
1375.0,-2.763352734628084,1.5810403789252647,19.554822189645282
1376.0,-3.0316539794739983,1.5449955396188388,20.15190075156575
1377.0,-3.122051428850585,1.5893390059344317,19.021866897141145
1378.0,-2.9082386255888295,1.563179376261418,20.14897533515874
1379.0,-3.1486961858003273,1.5727967627202593,20.92380551598608
1380.0,-2.8755537552671075,1.5462720699340653,21.28987894067427
1381.0,-3.0157750088880144,1.6399245221831236,18.319938145452003
1382.0,-3.1065139663730457,1.5270980282673325,22.006789847651095
1383.0,-2.902494433339834,1.551117776242322,21.02938532133758
1384.0,-2.8166772990434996,1.643851291040993,18.20667634672068
1385.0,-3.074616339316675,1.507751322310758,23.573055014304618
1386.0,-2.931654221704106,1.5592439921504138,22.091175674751035
1387.0,-3.0628739204809783,1.576830556255528,20.937843459759097
1388.0,-2.998347486914998,1.561873298350806,20.94562875384878
1389.0,-3.0614749050447063,1.606175476883414,19.205296514895736
1390.0,-2.9197983491433748,1.5914403983388206,18.25981520878354
1391.0,-3.122131369848824,1.5463697642009286,20.916150417216862
1392.0,-3.045045006956788,1.5457665626673311,22.20047014152317
1393.0,-3.016294913304046,1.5627441435191085,20.20983224042928
1394.0,-2.954393267876637,1.4990067883222695,21.180890831416548
1395.0,-2.81803561220657,1.5141778372442485,20.352928896653744
1396.0,-2.9424231677158517,1.5757219117206915,20.078298842109238
1397.0,-3.0769931424676136,1.6308414452187352,18.3914848273648
1398.0,-2.763455934880236,1.5049130767628798,22.19365576795757
1399.0,-2.8240235094213206,1.563471405090251,20.28477311034347
1400.0,-3.0739567757213173,1.5412148299283346,20.67649298358153
1401.0,-2.9343167948657767,1.525222180074022,20.384483891414863
1402.0,-2.9218216135963115,1.6563670212587098,17.23317894826982
1403.0,-2.980185811023132,1.5684465364957945,20.317680141228138
1404.0,-2.8359452017608078,1.5128767703072272,22.143565271298755
1405.0,-2.8859096200804437,1.6561148099282355,16.888645150714567
1406.0,-3.0306685838137803,1.7531117009723354,13.976910232371758
1407.0,-2.9656194556437105,1.7039186246757478,15.980033077187144
1408.0,-3.0962817985684135,1.5284132321268222,23.262588383610876
1409.0,-3.1440109452355776,1.738452942692998,14.17589820806312
1410.0,-2.9504468917634967,1.5086338116164422,22.134552974907265
1411.0,-3.059659245487353,1.5679809734787455,20.45715183372819
1412.0,-2.9693649949107437,1.5326352890545556,23.072952747734565
1413.0,-2.9641381370079363,1.5756723620372037,21.242732433185044
1414.0,-3.002250851784532,1.5279424442392302,21.26519978289753
1415.0,-2.932100622348328,1.546248627382249,21.33845176339333
1416.0,-3.060822310637378,1.585359375433184,18.26875487432922
1417.0,-3.0088011860117696,1.503798025304922,21.763337511570686
1418.0,-2.9652669867827797,1.5495006849056936,22.642587253064626
1419.0,-3.0742559663464424,1.5555095899508944,20.75214612801841
1420.0,-2.9113119235390306,1.5607673127494792,21.050383557895604
1421.0,-2.9780233823733875,1.531908831030548,21.19434065008796
1422.0,-3.110187141381197,1.5717459039769368,20.298570503094314
1423.0,-2.859167576565572,1.6776311974526223,17.09849253784889
1424.0,-2.9485145599785985,1.6847170132921736,15.651997051199617
1425.0,-2.860323592674015,1.535539223164969,21.845170519063906
1426.0,-2.7928727733377774,1.5131466278497918,22.977017300843293
1427.0,-2.922223008141028,1.6577319777712671,16.183275845158754
1428.0,-3.0151009230366506,1.515915147310195,22.589709081974753
1429.0,-2.9123927885574767,1.6020249299234566,18.774530932548373
1430.0,-3.1576370356540746,1.6275620634241754,18.308297606194078
1431.0,-2.8724711755846473,1.4900470339015712,22.038646777287987
1432.0,-3.0698769844576432,1.582086536729236,19.2366647273832
1433.0,-2.859549355477718,1.580230974239256,19.44906935163677
1434.0,-3.0733670639643713,1.6002980539407974,19.28260707124796
1435.0,-2.8864416447008,1.5661825348719018,20.72037375786409
1436.0,-2.8702762509907416,1.5830418157541022,19.91781379311447
1437.0,-3.0295116353592406,1.5572971011565615,20.68996080183682
1438.0,-2.9958472303287427,1.5950598566125314,18.855021857819793
1439.0,-3.0935425280607207,1.594084886955788,19.25696484101578
1440.0,-3.1367406821698407,1.577280671715688,20.37034279009975
1441.0,-2.8962039186191575,1.5481002535537103,19.747629638931343
1442.0,-2.955339875163369,1.6069507579912587,19.277665506089825
1443.0,-2.9180563973333706,1.5591732849018327,19.79143414536828
1444.0,-3.252242756212722,1.4952500641520694,22.337859277484398
1445.0,-3.028801825224827,1.6014012852110844,19.75856101004242
1446.0,-2.9026751375626696,1.5720605944441313,20.966220713726734
1447.0,-2.8588235587915567,1.5869920352875868,19.84321466324314
1448.0,-3.0878582298001476,1.57875695473535,19.238144763846822
1449.0,-2.920316843961974,1.5676079654507853,22.070928912668297
1450.0,-2.909003284538109,1.6061429953665871,19.39778647213274
1451.0,-2.9329152649739827,1.5107281942458086,21.405334214579113
1452.0,-3.0219058181589347,1.5273885908903275,22.900586227495836
1453.0,-3.103605539716105,1.5580171249712165,20.875155365080843
1454.0,-3.179897678857418,1.5389914712859514,20.097074384291613
1455.0,-2.9195748147783296,1.5681684378871952,19.88216046771182
1456.0,-3.075710558543085,1.557429499338348,22.605617266867032
1457.0,-2.871734806661876,1.5433012106771518,22.82997691116725
1458.0,-2.945531259781167,1.6007451223859583,18.877667790258293
1459.0,-3.137000944218626,1.5342410241451625,21.65534189978117
1460.0,-3.2076234008322846,1.513156761577527,23.05175216268691
1461.0,-2.8948310655305356,1.5649987572610986,20.994540521695498
1462.0,-3.040506036278332,1.6142086859246643,18.29483161538773
1463.0,-3.0184445447322403,1.5686304923136376,18.69403071268005
1464.0,-2.9159371700871244,1.584012592092701,19.711519949993004
1465.0,-2.9353891311396585,1.5847050460116938,21.691984127089743
1466.0,-2.929228679422201,1.5915833279300227,19.41056298618531
1467.0,-2.77109911718625,1.6616476747254358,16.516443462203398
1468.0,-2.8938328175803054,1.5675421028960224,19.202627853815887
1469.0,-3.075137733188959,1.5472367622794638,21.86833155973198
1470.0,-2.8961692507414853,1.5197760743799578,23.61806520680208
1471.0,-2.969358855871955,1.5809383978183948,20.8795473237671
1472.0,-3.0004858153225666,1.590548140382234,18.05564710780768
1473.0,-2.8509525225264416,1.5732784990039825,20.212873470524343
1474.0,-2.999194650123141,1.5230245069990098,22.646204639591218
1475.0,-2.99363795940956,1.502618223995471,22.083837569433033
1476.0,-3.047265060405023,1.5844169066147071,20.167728180220706
1477.0,-3.0492229860252302,1.6859341371676835,15.98885746738037
1478.0,-3.0116368129624203,1.5538987965606783,21.43617537906176
1479.0,-2.9329033480189843,1.556955490249745,21.002394442442608
1480.0,-3.025267636514061,1.4943803377975102,23.216455872819015
1481.0,-2.9676390014935814,1.564854524256653,19.71439435492656
1482.0,-2.9905073703234164,1.6305241184724526,19.01875359120418
1483.0,-3.0119103507546563,1.5521598547498954,20.979087432126637
1484.0,-2.9257179588415543,1.6201280808981462,19.86219875736596
1485.0,-2.933752155890872,1.491776470396312,23.69199884956406
1486.0,-3.121378850264503,1.5607895058282417,21.064365962162615
1487.0,-3.0570906595980585,1.6293423389624722,18.14712674130987
1488.0,-3.1043108532410195,1.5284291344901677,21.21737387385892
1489.0,-3.0486336563428305,1.4715349772735937,23.61652184714848
1490.0,-3.1515257993150723,1.5884628199274948,18.004199249986133
1491.0,-2.906148701902964,1.5788773153285196,20.89346941587687
1492.0,-3.0210061999182916,1.552946755847214,20.533035429752466
1493.0,-3.0183507458092493,1.5724980091367116,19.774902277396286
1494.0,-3.0082217812272516,1.5158214359717894,20.92867083003937
1495.0,-3.0724029754873783,1.581997231262429,19.343158014262386
1496.0,-2.9286295731011673,1.5794270699730668,20.24879470707643
1497.0,-2.7338758693897725,1.5695542273741485,21.15894703722315
1498.0,-2.925272472968712,1.5851250832897024,18.591863432906422
1499.0,-2.9742423064246664,1.5438239484378864,21.478662601803123
1500.0,-2.990867695932825,1.5263678793291242,19.811155873781104
